-- MySQL dump 10.13  Distrib 5.6.24, for Win32 (x86)
--
-- Host: 43.229.207.253    Database: db_tdc
-- ------------------------------------------------------
-- Server version	5.7.23-0ubuntu0.16.04.1

/*!40101 SET @OLD_CHARACTER_SET_CLIENT=@@CHARACTER_SET_CLIENT */;
/*!40101 SET @OLD_CHARACTER_SET_RESULTS=@@CHARACTER_SET_RESULTS */;
/*!40101 SET @OLD_COLLATION_CONNECTION=@@COLLATION_CONNECTION */;
/*!40101 SET NAMES utf8 */;
/*!40103 SET @OLD_TIME_ZONE=@@TIME_ZONE */;
/*!40103 SET TIME_ZONE='+00:00' */;
/*!40014 SET @OLD_UNIQUE_CHECKS=@@UNIQUE_CHECKS, UNIQUE_CHECKS=0 */;
/*!40014 SET @OLD_FOREIGN_KEY_CHECKS=@@FOREIGN_KEY_CHECKS, FOREIGN_KEY_CHECKS=0 */;
/*!40101 SET @OLD_SQL_MODE=@@SQL_MODE, SQL_MODE='NO_AUTO_VALUE_ON_ZERO' */;
/*!40111 SET @OLD_SQL_NOTES=@@SQL_NOTES, SQL_NOTES=0 */;

--
-- Table structure for table `h_booking`
--

DROP TABLE IF EXISTS `h_booking`;
/*!40101 SET @saved_cs_client     = @@character_set_client */;
/*!40101 SET character_set_client = utf8 */;
CREATE TABLE `h_booking` (
  `id_booking` int(11) NOT NULL AUTO_INCREMENT,
  `id_user` int(11) NOT NULL,
  `qty` int(11) NOT NULL,
  `validator` varchar(20) NOT NULL DEFAULT '',
  `total_price` int(30) NOT NULL,
  `price_request` int(30) NOT NULL,
  PRIMARY KEY (`id_booking`),
  KEY `id_user` (`id_user`),
  KEY `nik_am` (`validator`),
  CONSTRAINT `h_booking_ibfk_1` FOREIGN KEY (`id_user`) REFERENCES `p_user` (`id_user`) ON DELETE CASCADE ON UPDATE CASCADE
) ENGINE=InnoDB AUTO_INCREMENT=2 DEFAULT CHARSET=latin1;
/*!40101 SET character_set_client = @saved_cs_client */;

--
-- Dumping data for table `h_booking`
--

LOCK TABLES `h_booking` WRITE;
/*!40000 ALTER TABLE `h_booking` DISABLE KEYS */;
/*!40000 ALTER TABLE `h_booking` ENABLE KEYS */;
UNLOCK TABLES;

--
-- Table structure for table `h_rackstatus`
--

DROP TABLE IF EXISTS `h_rackstatus`;
/*!40101 SET @saved_cs_client     = @@character_set_client */;
/*!40101 SET character_set_client = utf8 */;
CREATE TABLE `h_rackstatus` (
  `id_h_rackstatus` int(11) NOT NULL AUTO_INCREMENT,
  `id_rack` int(11) NOT NULL,
  `id_rackstatus` int(11) NOT NULL,
  `datenow` timestamp NOT NULL DEFAULT CURRENT_TIMESTAMP,
  PRIMARY KEY (`id_h_rackstatus`),
  KEY `id_rackstatus` (`id_rackstatus`),
  KEY `id_rack` (`id_rack`),
  CONSTRAINT `h_rackstatus_ibfk_1` FOREIGN KEY (`id_rack`) REFERENCES `p_rack` (`id_rack`) ON DELETE CASCADE ON UPDATE CASCADE
) ENGINE=InnoDB DEFAULT CHARSET=latin1;
/*!40101 SET character_set_client = @saved_cs_client */;

--
-- Dumping data for table `h_rackstatus`
--

LOCK TABLES `h_rackstatus` WRITE;
/*!40000 ALTER TABLE `h_rackstatus` DISABLE KEYS */;
/*!40000 ALTER TABLE `h_rackstatus` ENABLE KEYS */;
UNLOCK TABLES;

--
-- Table structure for table `p_alacarte`
--

DROP TABLE IF EXISTS `p_alacarte`;
/*!40101 SET @saved_cs_client     = @@character_set_client */;
/*!40101 SET character_set_client = utf8 */;
CREATE TABLE `p_alacarte` (
  `id_alacarte` int(11) NOT NULL AUTO_INCREMENT,
  `id_alacartetype` int(11) NOT NULL,
  `alacarte_name` varchar(50) NOT NULL,
  `price` int(30) NOT NULL DEFAULT '0',
  `is_active` int(1) NOT NULL DEFAULT '1',
  PRIMARY KEY (`id_alacarte`),
  KEY `id_alacartetype` (`id_alacartetype`),
  CONSTRAINT `p_alacarte_ibfk_1` FOREIGN KEY (`id_alacartetype`) REFERENCES `p_alacartetype` (`id_alacartetype`) ON DELETE CASCADE ON UPDATE CASCADE
) ENGINE=InnoDB AUTO_INCREMENT=25 DEFAULT CHARSET=latin1;
/*!40101 SET character_set_client = @saved_cs_client */;

--
-- Dumping data for table `p_alacarte`
--

LOCK TABLES `p_alacarte` WRITE;
/*!40000 ALTER TABLE `p_alacarte` DISABLE KEYS */;
INSERT INTO `p_alacarte` VALUES (1,1,'Dedicated Space',0,0),(2,1,'Shared Space',0,0),(3,2,'Remote / Smart Hands',2300000,0),(4,2,'Batch Processing',3000000,0),(5,2,'Backup / Restore',4000000,0),(6,2,'Tape Safe Management',5000000,0),(7,3,'Server',6000000,0),(8,3,'Storage',7000000,0),(9,3,'Operating System',8000000,0),(10,3,'Applications',9000000,0),(11,3,'Virtualization',1000000,0),(12,4,'Dedicated Equipment',2000000,0),(13,4,'Shared Equipment (SDN)',3000000,0),(14,4,'Cabling Structure',4000000,0),(15,5,'Private',5000000,0),(16,5,'Public',6000000,0),(17,6,'Migration',7000000,0),(18,6,'Relocation',8000000,0),(19,7,'Dedicated',9000000,0),(20,7,'Shared',1000000,0),(21,5,'Manage Connectivity',0,1),(22,8,'Non-Standart Power',0,1),(23,9,'Remote / Smart Hands',0,1),(24,10,'Other Services',0,1);
/*!40000 ALTER TABLE `p_alacarte` ENABLE KEYS */;
UNLOCK TABLES;

--
-- Table structure for table `p_alacartetype`
--

DROP TABLE IF EXISTS `p_alacartetype`;
/*!40101 SET @saved_cs_client     = @@character_set_client */;
/*!40101 SET character_set_client = utf8 */;
CREATE TABLE `p_alacartetype` (
  `id_alacartetype` int(11) NOT NULL AUTO_INCREMENT,
  `alacarte_type` varchar(100) NOT NULL DEFAULT '',
  `id_selecttype` int(11) unsigned NOT NULL,
  `is_active` int(1) NOT NULL DEFAULT '1',
  PRIMARY KEY (`id_alacartetype`),
  KEY `id_selecttype` (`id_selecttype`),
  CONSTRAINT `p_alacartetype_ibfk_1` FOREIGN KEY (`id_selecttype`) REFERENCES `p_selecttype` (`id_selecttype`) ON DELETE CASCADE ON UPDATE CASCADE
) ENGINE=InnoDB AUTO_INCREMENT=11 DEFAULT CHARSET=latin1;
/*!40101 SET character_set_client = @saved_cs_client */;

--
-- Dumping data for table `p_alacartetype`
--

LOCK TABLES `p_alacartetype` WRITE;
/*!40000 ALTER TABLE `p_alacartetype` DISABLE KEYS */;
INSERT INTO `p_alacartetype` VALUES (1,'Manage Infrastructure & Support Facilities (Colocation)',1,0),(2,'Manage Services Operation',2,0),(3,'Manage Hardware / Software',2,0),(4,'Manage Network',1,0),(5,'Connectivity',1,1),(6,'Manage Migration & Relocation',1,0),(7,'Working Room',2,0),(8,'Non-Standart Power',2,1),(9,'Remote / Smart Hands',2,1),(10,'Other Services',2,1);
/*!40000 ALTER TABLE `p_alacartetype` ENABLE KEYS */;
UNLOCK TABLES;

--
-- Table structure for table `p_area`
--

DROP TABLE IF EXISTS `p_area`;
/*!40101 SET @saved_cs_client     = @@character_set_client */;
/*!40101 SET character_set_client = utf8 */;
CREATE TABLE `p_area` (
  `id_area` int(11) NOT NULL AUTO_INCREMENT,
  `area_name` varchar(20) NOT NULL,
  `qty` int(10) NOT NULL,
  PRIMARY KEY (`id_area`)
) ENGINE=InnoDB AUTO_INCREMENT=3 DEFAULT CHARSET=latin1;
/*!40101 SET character_set_client = @saved_cs_client */;

--
-- Dumping data for table `p_area`
--

LOCK TABLES `p_area` WRITE;
/*!40000 ALTER TABLE `p_area` DISABLE KEYS */;
INSERT INTO `p_area` VALUES (1,'Shared',1),(2,'Private',5);
/*!40000 ALTER TABLE `p_area` ENABLE KEYS */;
UNLOCK TABLES;

--
-- Table structure for table `p_building`
--

DROP TABLE IF EXISTS `p_building`;
/*!40101 SET @saved_cs_client     = @@character_set_client */;
/*!40101 SET character_set_client = utf8 */;
CREATE TABLE `p_building` (
  `id_building` int(11) NOT NULL AUTO_INCREMENT,
  `id_dacen` int(11) NOT NULL,
  `building_name` varchar(50) NOT NULL,
  `building_img` text NOT NULL,
  `building_detail` text NOT NULL,
  `building_maps` text NOT NULL,
  PRIMARY KEY (`id_building`),
  KEY `id_dacen` (`id_dacen`),
  CONSTRAINT `p_building_ibfk_1` FOREIGN KEY (`id_dacen`) REFERENCES `p_dacen` (`id_dacen`) ON DELETE CASCADE ON UPDATE CASCADE
) ENGINE=InnoDB AUTO_INCREMENT=2 DEFAULT CHARSET=latin1;
/*!40101 SET character_set_client = @saved_cs_client */;

--
-- Dumping data for table `p_building`
--

LOCK TABLES `p_building` WRITE;
/*!40000 ALTER TABLE `p_building` DISABLE KEYS */;
INSERT INTO `p_building` VALUES (1,1,'Data Center Serpong','serpong.png','- Total land area: 6,500 m2\n- Total Building Area: 22,500 m2 (incl power house)\n- Building divided in three wings: West, Center, and East\n- Building is owned and managed by Telkomsigma\n- Start operation in 2000 (3rd Floor West Wing)\n- Two loading area\n- Two Service Lifts (up to 3000 kg), four Passenger Lifts\n- Floor strength up to 1,700 kg/m2','maps_serpong.png');
/*!40000 ALTER TABLE `p_building` ENABLE KEYS */;
UNLOCK TABLES;

--
-- Table structure for table `p_certification`
--

DROP TABLE IF EXISTS `p_certification`;
/*!40101 SET @saved_cs_client     = @@character_set_client */;
/*!40101 SET character_set_client = utf8 */;
CREATE TABLE `p_certification` (
  `id_certification` int(11) NOT NULL AUTO_INCREMENT,
  `id_dacen` int(11) NOT NULL,
  `certification_name` varchar(100) NOT NULL DEFAULT '',
  `certification_img` text NOT NULL,
  `id_certificationtype` int(11) NOT NULL,
  `is_active` int(1) NOT NULL DEFAULT '1',
  PRIMARY KEY (`id_certification`),
  KEY `id_dacen` (`id_dacen`),
  KEY `id_certificationtype` (`id_certificationtype`),
  CONSTRAINT `p_certification_ibfk_1` FOREIGN KEY (`id_dacen`) REFERENCES `p_dacen` (`id_dacen`) ON DELETE CASCADE ON UPDATE CASCADE,
  CONSTRAINT `p_certification_ibfk_2` FOREIGN KEY (`id_certificationtype`) REFERENCES `p_certificationtype` (`id_certificationtype`) ON DELETE CASCADE ON UPDATE CASCADE
) ENGINE=InnoDB AUTO_INCREMENT=94 DEFAULT CHARSET=latin1;
/*!40101 SET character_set_client = @saved_cs_client */;

--
-- Dumping data for table `p_certification`
--

LOCK TABLES `p_certification` WRITE;
/*!40000 ALTER TABLE `p_certification` DISABLE KEYS */;
INSERT INTO `p_certification` VALUES (1,1,'facility_aos','facility_aos.png',1,1),(2,1,'facility_atd','facility_atd.png',1,1),(3,1,'facility_ats','facility_ats.png',1,1),(4,1,'facility_cdce','facility_cdce.png',1,1),(5,1,'facility_cdcp','facility_cdcp.png',1,1),(6,1,'facility_cdcs','facility_cdcs.png',1,1),(7,1,'facility_cdms','facility_cdms.png',1,1),(8,1,'facility_cdrp','facility_cdrp.png',1,1),(9,1,'facility_ctdc','facility_ctdc.png',1,1),(10,1,'facility_ctia','facility_ctia.png',1,1),(11,1,'facility_itil','facility_itil.png',1,1),(12,1,'network_ace','network_ace.png',2,1),(13,1,'network_ccda','network_ccda.png',2,1),(14,1,'network_ccdp','network_ccdp.png',2,1),(15,1,'network_ccie','network_ccie.png',2,1),(16,1,'network_ccna','network_ccna.png',2,1),(17,1,'network_ccnp','network_ccnp.png',2,1),(18,1,'network_cpcsa','network_cpcsa.png',2,1),(19,1,'network_juniper','network_juniper.png',2,1),(20,1,'project_ceh','project_ceh.png',4,1),(21,1,'project_chfi','project_chfi.png',4,1),(22,1,'project_inforsec','project_inforsec.png',4,1),(23,1,'project_pmp','project_pmp.png',4,1),(24,1,'server_apac','server_apac.png',3,1),(25,1,'server_emc','server_emc.png',3,1),(26,1,'server_hcna','server_hcna.png',3,1),(27,1,'server_microsoft','server_microsoft.png',3,1),(28,1,'server_oracle','server_oracle.png',3,1),(29,1,'server_sun','server_sun.png',3,1),(30,1,'server_vmware','server_vmware.png',3,1),(31,1,'server_zerto','server_zerto.png',3,1),(32,2,'facility_aos','facility_aos.png',1,1),(33,2,'facility_atd','facility_atd.png',1,1),(34,2,'facility_ats','facility_ats.png',1,1),(35,2,'facility_cdce','facility_cdce.png',1,1),(36,2,'facility_cdcp','facility_cdcp.png',1,1),(37,2,'facility_cdcs','facility_cdcs.png',1,1),(38,2,'facility_cdms','facility_cdms.png',1,1),(39,2,'facility_cdrp','facility_cdrp.png',1,1),(40,2,'facility_ctdc','facility_ctdc.png',1,1),(41,2,'facility_ctia','facility_ctia.png',1,1),(42,2,'facility_itil','facility_itil.png',1,1),(43,2,'network_ace','network_ace.png',2,1),(44,2,'network_ccda','network_ccda.png',2,1),(45,2,'network_ccdp','network_ccdp.png',2,1),(46,2,'network_ccie','network_ccie.png',2,1),(47,2,'network_ccna','network_ccna.png',2,1),(48,2,'network_ccnp','network_ccnp.png',2,1),(49,2,'network_cpcsa','network_cpcsa.png',2,1),(50,2,'network_juniper','network_juniper.png',2,1),(51,2,'project_ceh','project_ceh.png',4,1),(52,2,'project_chfi','project_chfi.png',4,1),(53,2,'project_inforsec','project_inforsec.png',4,1),(54,2,'project_pmp','project_pmp.png',4,1),(55,2,'server_apac','server_apac.png',3,1),(56,2,'server_emc','server_emc.png',3,1),(57,2,'server_hcna','server_hcna.png',3,1),(58,2,'server_microsoft','server_microsoft.png',3,1),(59,2,'server_oracle','server_oracle.png',3,1),(60,2,'server_sun','server_sun.png',3,1),(61,2,'server_vmware','server_vmware.png',3,1),(62,2,'server_zerto','server_zerto.png',3,1),(63,3,'facility_aos','facility_aos.png',1,1),(64,3,'facility_atd','facility_atd.png',1,1),(65,3,'facility_ats','facility_ats.png',1,1),(66,3,'facility_cdce','facility_cdce.png',1,1),(67,3,'facility_cdcp','facility_cdcp.png',1,1),(68,3,'facility_cdcs','facility_cdcs.png',1,1),(69,3,'facility_cdms','facility_cdms.png',1,1),(70,3,'facility_cdrp','facility_cdrp.png',1,1),(71,3,'facility_ctdc','facility_ctdc.png',1,1),(72,3,'facility_ctia','facility_ctia.png',1,1),(73,3,'facility_itil','facility_itil.png',1,1),(74,3,'network_ace','network_ace.png',2,1),(75,3,'network_ccda','network_ccda.png',2,1),(76,3,'network_ccdp','network_ccdp.png',2,1),(77,3,'network_ccie','network_ccie.png',2,1),(78,3,'network_ccna','network_ccna.png',2,1),(79,3,'network_ccnp','network_ccnp.png',2,1),(80,3,'network_cpcsa','network_cpcsa.png',2,1),(81,3,'network_juniper','network_juniper.png',2,1),(82,3,'project_ceh','project_ceh.png',4,1),(83,3,'project_chfi','project_chfi.png',4,1),(84,3,'project_inforsec','project_inforsec.png',4,1),(85,3,'project_pmp','project_pmp.png',4,1),(86,3,'server_apac','server_apac.png',3,1),(87,3,'server_emc','server_emc.png',3,1),(88,3,'server_hcna','server_hcna.png',3,1),(89,3,'server_microsoft','server_microsoft.png',3,1),(90,3,'server_oracle','server_oracle.png',3,1),(91,3,'server_sun','server_sun.png',3,1),(92,3,'server_vmware','server_vmware.png',3,1),(93,3,'server_zerto','server_zerto.png',3,1);
/*!40000 ALTER TABLE `p_certification` ENABLE KEYS */;
UNLOCK TABLES;

--
-- Table structure for table `p_certificationtype`
--

DROP TABLE IF EXISTS `p_certificationtype`;
/*!40101 SET @saved_cs_client     = @@character_set_client */;
/*!40101 SET character_set_client = utf8 */;
CREATE TABLE `p_certificationtype` (
  `id_certificationtype` int(11) NOT NULL AUTO_INCREMENT,
  `certificationtype` varchar(50) NOT NULL DEFAULT '',
  `is_active` int(1) NOT NULL DEFAULT '1',
  PRIMARY KEY (`id_certificationtype`)
) ENGINE=InnoDB AUTO_INCREMENT=5 DEFAULT CHARSET=latin1;
/*!40101 SET character_set_client = @saved_cs_client */;

--
-- Dumping data for table `p_certificationtype`
--

LOCK TABLES `p_certificationtype` WRITE;
/*!40000 ALTER TABLE `p_certificationtype` DISABLE KEYS */;
INSERT INTO `p_certificationtype` VALUES (1,'DC FACILITY',1),(2,'NETWORK',1),(3,'SERVER, STORAGE, & APPLICATION',1),(4,'PROJECT & SECURITY',1);
/*!40000 ALTER TABLE `p_certificationtype` ENABLE KEYS */;
UNLOCK TABLES;

--
-- Table structure for table `p_certified`
--

DROP TABLE IF EXISTS `p_certified`;
/*!40101 SET @saved_cs_client     = @@character_set_client */;
/*!40101 SET character_set_client = utf8 */;
CREATE TABLE `p_certified` (
  `id_certified` int(11) NOT NULL AUTO_INCREMENT,
  `id_dacen` int(11) NOT NULL,
  `certified_name` varchar(50) NOT NULL,
  `certified_img` text NOT NULL,
  `is_active` int(1) NOT NULL DEFAULT '1',
  PRIMARY KEY (`id_certified`),
  KEY `id_dacen` (`id_dacen`),
  CONSTRAINT `p_certified_ibfk_1` FOREIGN KEY (`id_dacen`) REFERENCES `p_dacen` (`id_dacen`) ON DELETE CASCADE ON UPDATE CASCADE
) ENGINE=InnoDB AUTO_INCREMENT=43 DEFAULT CHARSET=latin1;
/*!40101 SET character_set_client = @saved_cs_client */;

--
-- Dumping data for table `p_certified`
--

LOCK TABLES `p_certified` WRITE;
/*!40000 ALTER TABLE `p_certified` DISABLE KEYS */;
INSERT INTO `p_certified` VALUES (1,1,'BS_OHSAS18001-2007','BS_OHSAS18001-2007.png',1),(2,1,'Financial_Services_Authority','Financial_Services_Authority.png',1),(3,1,'ISO9001-2015','ISO9001-2015.png',1),(4,1,'ISO14001-2015','ISO14001-2015.png',1),(5,1,'ISO20000-1-2011','ISO20000-1-2011.png',1),(6,1,'ISO27001-2013','ISO27001-2013.png',1),(7,1,'PAS99-2012','PAS99-2012.png',1),(8,1,'PCI_DSS','PCI_DSS.png',1),(9,1,'SNI-1726-2002','SNI-1726-2002.png',1),(10,1,'Tier_3_design','Tier_3_design.png',1),(11,1,'Tier_3_facility','Tier_3_facility.png',1),(12,1,'Tier_3_operation','Tier_3_operation.png',1),(13,1,'Tier_4_design','Tier_4_design.png',1),(14,1,'TVRA_Audit','TVRA_Audit.png',1),(15,2,'BS_OHSAS18001-2007','BS_OHSAS18001-2007.png',1),(16,2,'Financial_Services_Authority','Financial_Services_Authority.png',1),(17,2,'ISO9001-2015','ISO9001-2015.png',1),(18,2,'ISO14001-2015','ISO14001-2015.png',1),(19,2,'ISO20000-1-2011','ISO20000-1-2011.png',1),(20,2,'ISO27001-2013','ISO27001-2013.png',1),(21,2,'PAS99-2012','PAS99-2012.png',1),(22,2,'PCI_DSS','PCI_DSS.png',1),(23,2,'SNI-1726-2002','SNI-1726-2002.png',1),(24,2,'Tier_3_design','Tier_3_design.png',1),(25,2,'Tier_3_facility','Tier_3_facility.png',1),(26,2,'Tier_3_operation','Tier_3_operation.png',1),(27,2,'Tier_4_design','Tier_4_design.png',1),(28,2,'TVRA_Audit','TVRA_Audit.png',1),(29,3,'BS_OHSAS18001-2007','BS_OHSAS18001-2007.png',1),(30,3,'Financial_Services_Authority','Financial_Services_Authority.png',1),(31,3,'ISO9001-2015','ISO9001-2015.png',1),(32,3,'ISO14001-2015','ISO14001-2015.png',1),(33,3,'ISO20000-1-2011','ISO20000-1-2011.png',1),(34,3,'ISO27001-2013','ISO27001-2013.png',1),(35,3,'PAS99-2012','PAS99-2012.png',1),(36,3,'PCI_DSS','PCI_DSS.png',1),(37,3,'SNI-1726-2002','SNI-1726-2002.png',1),(38,3,'Tier_3_design','Tier_3_design.png',1),(39,3,'Tier_3_facility','Tier_3_facility.png',1),(40,3,'Tier_3_operation','Tier_3_operation.png',1),(41,3,'Tier_4_design','Tier_4_design.png',1),(42,3,'TVRA_Audit','TVRA_Audit.png',1);
/*!40000 ALTER TABLE `p_certified` ENABLE KEYS */;
UNLOCK TABLES;

--
-- Table structure for table `p_city`
--

DROP TABLE IF EXISTS `p_city`;
/*!40101 SET @saved_cs_client     = @@character_set_client */;
/*!40101 SET character_set_client = utf8 */;
CREATE TABLE `p_city` (
  `id_city` int(11) unsigned NOT NULL AUTO_INCREMENT,
  `city_name` varchar(100) DEFAULT NULL,
  `id_province` int(11) unsigned NOT NULL,
  `id_country` int(11) unsigned NOT NULL,
  PRIMARY KEY (`id_city`),
  KEY `id_country` (`id_country`),
  KEY `id_province` (`id_province`),
  KEY `id_city` (`id_city`),
  KEY `id_city_2` (`id_city`),
  CONSTRAINT `p_city_ibfk_1` FOREIGN KEY (`id_province`) REFERENCES `p_province` (`id_province`) ON DELETE CASCADE ON UPDATE CASCADE,
  CONSTRAINT `p_city_ibfk_2` FOREIGN KEY (`id_country`) REFERENCES `p_country` (`id_country`) ON DELETE CASCADE ON UPDATE CASCADE
) ENGINE=InnoDB AUTO_INCREMENT=515 DEFAULT CHARSET=latin1;
/*!40101 SET character_set_client = @saved_cs_client */;

--
-- Dumping data for table `p_city`
--

LOCK TABLES `p_city` WRITE;
/*!40000 ALTER TABLE `p_city` DISABLE KEYS */;
INSERT INTO `p_city` VALUES (1,'KABUPATEN SIMEULUE',1,1),(2,'KABUPATEN ACEH SINGKIL',1,1),(3,'KABUPATEN ACEH SELATAN',1,1),(4,'KABUPATEN ACEH TENGGARA',1,1),(5,'KABUPATEN ACEH TIMUR',1,1),(6,'KABUPATEN ACEH TENGAH',1,1),(7,'KABUPATEN ACEH BARAT',1,1),(8,'KABUPATEN ACEH BESAR',1,1),(9,'KABUPATEN PIDIE',1,1),(10,'KABUPATEN BIREUEN',1,1),(11,'KABUPATEN ACEH UTARA',1,1),(12,'KABUPATEN ACEH BARAT DAYA',1,1),(13,'KABUPATEN GAYO LUES',1,1),(14,'KABUPATEN ACEH TAMIANG',1,1),(15,'KABUPATEN NAGAN RAYA',1,1),(16,'KABUPATEN ACEH JAYA',1,1),(17,'KABUPATEN BENER MERIAH',1,1),(18,'KABUPATEN PIDIE JAYA',1,1),(19,'KOTA BANDA ACEH',1,1),(20,'KOTA SABANG',1,1),(21,'KOTA LANGSA',1,1),(22,'KOTA LHOKSEUMAWE',1,1),(23,'KOTA SUBULUSSALAM',1,1),(24,'KABUPATEN NIAS',2,1),(25,'KABUPATEN MANDAILING NATAL',2,1),(26,'KABUPATEN TAPANULI SELATAN',2,1),(27,'KABUPATEN TAPANULI TENGAH',2,1),(28,'KABUPATEN TAPANULI UTARA',2,1),(29,'KABUPATEN TOBA SAMOSIR',2,1),(30,'KABUPATEN LABUHAN BATU',2,1),(31,'KABUPATEN ASAHAN',2,1),(32,'KABUPATEN SIMALUNGUN',2,1),(33,'KABUPATEN DAIRI',2,1),(34,'KABUPATEN KARO',2,1),(35,'KABUPATEN DELI SERDANG',2,1),(36,'KABUPATEN LANGKAT',2,1),(37,'KABUPATEN NIAS SELATAN',2,1),(38,'KABUPATEN HUMBANG HASUNDUTAN',2,1),(39,'KABUPATEN PAKPAK BHARAT',2,1),(40,'KABUPATEN SAMOSIR',2,1),(41,'KABUPATEN SERDANG BEDAGAI',2,1),(42,'KABUPATEN BATU BARA',2,1),(43,'KABUPATEN PADANG LAWAS UTARA',2,1),(44,'KABUPATEN PADANG LAWAS',2,1),(45,'KABUPATEN LABUHAN BATU SELATAN',2,1),(46,'KABUPATEN LABUHAN BATU UTARA',2,1),(47,'KABUPATEN NIAS UTARA',2,1),(48,'KABUPATEN NIAS BARAT',2,1),(49,'KOTA SIBOLGA',2,1),(50,'KOTA TANJUNG BALAI',2,1),(51,'KOTA PEMATANG SIANTAR',2,1),(52,'KOTA TEBING TINGGI',2,1),(53,'KOTA MEDAN',2,1),(54,'KOTA BINJAI',2,1),(55,'KOTA PADANGSIDIMPUAN',2,1),(56,'KOTA GUNUNGSITOLI',2,1),(57,'KABUPATEN KEPULAUAN MENTAWAI',3,1),(58,'KABUPATEN PESISIR SELATAN',3,1),(59,'KABUPATEN SOLOK',3,1),(60,'KABUPATEN SIJUNJUNG',3,1),(61,'KABUPATEN TANAH DATAR',3,1),(62,'KABUPATEN PADANG PARIAMAN',3,1),(63,'KABUPATEN AGAM',3,1),(64,'KABUPATEN LIMA PULUH KOTA',3,1),(65,'KABUPATEN PASAMAN',3,1),(66,'KABUPATEN SOLOK SELATAN',3,1),(67,'KABUPATEN DHARMASRAYA',3,1),(68,'KABUPATEN PASAMAN BARAT',3,1),(69,'KOTA PADANG',3,1),(70,'KOTA SOLOK',3,1),(71,'KOTA SAWAH LUNTO',3,1),(72,'KOTA PADANG PANJANG',3,1),(73,'KOTA BUKITTINGGI',3,1),(74,'KOTA PAYAKUMBUH',3,1),(75,'KOTA PARIAMAN',3,1),(76,'KABUPATEN KUANTAN SINGINGI',4,1),(77,'KABUPATEN INDRAGIRI HULU',4,1),(78,'KABUPATEN INDRAGIRI HILIR',4,1),(79,'KABUPATEN PELALAWAN',4,1),(80,'KABUPATEN S I A K',4,1),(81,'KABUPATEN KAMPAR',4,1),(82,'KABUPATEN ROKAN HULU',4,1),(83,'KABUPATEN BENGKALIS',4,1),(84,'KABUPATEN ROKAN HILIR',4,1),(85,'KABUPATEN KEPULAUAN MERANTI',4,1),(86,'KOTA PEKANBARU',4,1),(87,'KOTA D U M A I',4,1),(88,'KABUPATEN KERINCI',5,1),(89,'KABUPATEN MERANGIN',5,1),(90,'KABUPATEN SAROLANGUN',5,1),(91,'KABUPATEN BATANG HARI',5,1),(92,'KABUPATEN MUARO JAMBI',5,1),(93,'KABUPATEN TANJUNG JABUNG TIMUR',5,1),(94,'KABUPATEN TANJUNG JABUNG BARAT',5,1),(95,'KABUPATEN TEBO',5,1),(96,'KABUPATEN BUNGO',5,1),(97,'KOTA JAMBI',5,1),(98,'KOTA SUNGAI PENUH',5,1),(99,'KABUPATEN OGAN KOMERING ULU',6,1),(100,'KABUPATEN OGAN KOMERING ILIR',6,1),(101,'KABUPATEN MUARA ENIM',6,1),(102,'KABUPATEN LAHAT',6,1),(103,'KABUPATEN MUSI RAWAS',6,1),(104,'KABUPATEN MUSI BANYUASIN',6,1),(105,'KABUPATEN BANYU ASIN',6,1),(106,'KABUPATEN OGAN KOMERING ULU SELATAN',6,1),(107,'KABUPATEN OGAN KOMERING ULU TIMUR',6,1),(108,'KABUPATEN OGAN ILIR',6,1),(109,'KABUPATEN EMPAT LAWANG',6,1),(110,'KABUPATEN PENUKAL ABAB LEMATANG ILIR',6,1),(111,'KABUPATEN MUSI RAWAS UTARA',6,1),(112,'KOTA PALEMBANG',6,1),(113,'KOTA PRABUMULIH',6,1),(114,'KOTA PAGAR ALAM',6,1),(115,'KOTA LUBUKLINGGAU',6,1),(116,'KABUPATEN BENGKULU SELATAN',7,1),(117,'KABUPATEN REJANG LEBONG',7,1),(118,'KABUPATEN BENGKULU UTARA',7,1),(119,'KABUPATEN KAUR',7,1),(120,'KABUPATEN SELUMA',7,1),(121,'KABUPATEN MUKOMUKO',7,1),(122,'KABUPATEN LEBONG',7,1),(123,'KABUPATEN KEPAHIANG',7,1),(124,'KABUPATEN BENGKULU TENGAH',7,1),(125,'KOTA BENGKULU',7,1),(126,'KABUPATEN LAMPUNG BARAT',8,1),(127,'KABUPATEN TANGGAMUS',8,1),(128,'KABUPATEN LAMPUNG SELATAN',8,1),(129,'KABUPATEN LAMPUNG TIMUR',8,1),(130,'KABUPATEN LAMPUNG TENGAH',8,1),(131,'KABUPATEN LAMPUNG UTARA',8,1),(132,'KABUPATEN WAY KANAN',8,1),(133,'KABUPATEN TULANGBAWANG',8,1),(134,'KABUPATEN PESAWARAN',8,1),(135,'KABUPATEN PRINGSEWU',8,1),(136,'KABUPATEN MESUJI',8,1),(137,'KABUPATEN TULANG BAWANG BARAT',8,1),(138,'KABUPATEN PESISIR BARAT',8,1),(139,'KOTA BANDAR LAMPUNG',8,1),(140,'KOTA METRO',8,1),(141,'KABUPATEN BANGKA',9,1),(142,'KABUPATEN BELITUNG',9,1),(143,'KABUPATEN BANGKA BARAT',9,1),(144,'KABUPATEN BANGKA TENGAH',9,1),(145,'KABUPATEN BANGKA SELATAN',9,1),(146,'KABUPATEN BELITUNG TIMUR',9,1),(147,'KOTA PANGKAL PINANG',9,1),(148,'KABUPATEN KARIMUN',10,1),(149,'KABUPATEN BINTAN',10,1),(150,'KABUPATEN NATUNA',10,1),(151,'KABUPATEN LINGGA',10,1),(152,'KABUPATEN KEPULAUAN ANAMBAS',10,1),(153,'KOTA B A T A M',10,1),(154,'KOTA TANJUNG PINANG',10,1),(155,'KABUPATEN KEPULAUAN SERIBU',11,1),(156,'KOTA JAKARTA SELATAN',11,1),(157,'KOTA JAKARTA TIMUR',11,1),(158,'KOTA JAKARTA PUSAT',11,1),(159,'KOTA JAKARTA BARAT',11,1),(160,'KOTA JAKARTA UTARA',11,1),(161,'KABUPATEN BOGOR',12,1),(162,'KABUPATEN SUKABUMI',12,1),(163,'KABUPATEN CIANJUR',12,1),(164,'KABUPATEN BANDUNG',12,1),(165,'KABUPATEN GARUT',12,1),(166,'KABUPATEN TASIKMALAYA',12,1),(167,'KABUPATEN CIAMIS',12,1),(168,'KABUPATEN KUNINGAN',12,1),(169,'KABUPATEN CIREBON',12,1),(170,'KABUPATEN MAJALENGKA',12,1),(171,'KABUPATEN SUMEDANG',12,1),(172,'KABUPATEN INDRAMAYU',12,1),(173,'KABUPATEN SUBANG',12,1),(174,'KABUPATEN PURWAKARTA',12,1),(175,'KABUPATEN KARAWANG',12,1),(176,'KABUPATEN BEKASI',12,1),(177,'KABUPATEN BANDUNG BARAT',12,1),(178,'KABUPATEN PANGANDARAN',12,1),(179,'KOTA BOGOR',12,1),(180,'KOTA SUKABUMI',12,1),(181,'KOTA BANDUNG',12,1),(182,'KOTA CIREBON',12,1),(183,'KOTA BEKASI',12,1),(184,'KOTA DEPOK',12,1),(185,'KOTA CIMAHI',12,1),(186,'KOTA TASIKMALAYA',12,1),(187,'KOTA BANJAR',12,1),(188,'KABUPATEN CILACAP',13,1),(189,'KABUPATEN BANYUMAS',13,1),(190,'KABUPATEN PURBALINGGA',13,1),(191,'KABUPATEN BANJARNEGARA',13,1),(192,'KABUPATEN KEBUMEN',13,1),(193,'KABUPATEN PURWOREJO',13,1),(194,'KABUPATEN WONOSOBO',13,1),(195,'KABUPATEN MAGELANG',13,1),(196,'KABUPATEN BOYOLALI',13,1),(197,'KABUPATEN KLATEN',13,1),(198,'KABUPATEN SUKOHARJO',13,1),(199,'KABUPATEN WONOGIRI',13,1),(200,'KABUPATEN KARANGANYAR',13,1),(201,'KABUPATEN SRAGEN',13,1),(202,'KABUPATEN GROBOGAN',13,1),(203,'KABUPATEN BLORA',13,1),(204,'KABUPATEN REMBANG',13,1),(205,'KABUPATEN PATI',13,1),(206,'KABUPATEN KUDUS',13,1),(207,'KABUPATEN JEPARA',13,1),(208,'KABUPATEN DEMAK',13,1),(209,'KABUPATEN SEMARANG',13,1),(210,'KABUPATEN TEMANGGUNG',13,1),(211,'KABUPATEN KENDAL',13,1),(212,'KABUPATEN BATANG',13,1),(213,'KABUPATEN PEKALONGAN',13,1),(214,'KABUPATEN PEMALANG',13,1),(215,'KABUPATEN TEGAL',13,1),(216,'KABUPATEN BREBES',13,1),(217,'KOTA MAGELANG',13,1),(218,'KOTA SURAKARTA',13,1),(219,'KOTA SALATIGA',13,1),(220,'KOTA SEMARANG',13,1),(221,'KOTA PEKALONGAN',13,1),(222,'KOTA TEGAL',13,1),(223,'KABUPATEN KULON PROGO',14,1),(224,'KABUPATEN BANTUL',14,1),(225,'KABUPATEN GUNUNG KIDUL',14,1),(226,'KABUPATEN SLEMAN',14,1),(227,'KOTA YOGYAKARTA',14,1),(228,'KABUPATEN PACITAN',15,1),(229,'KABUPATEN PONOROGO',15,1),(230,'KABUPATEN TRENGGALEK',15,1),(231,'KABUPATEN TULUNGAGUNG',15,1),(232,'KABUPATEN BLITAR',15,1),(233,'KABUPATEN KEDIRI',15,1),(234,'KABUPATEN MALANG',15,1),(235,'KABUPATEN LUMAJANG',15,1),(236,'KABUPATEN JEMBER',15,1),(237,'KABUPATEN BANYUWANGI',15,1),(238,'KABUPATEN BONDOWOSO',15,1),(239,'KABUPATEN SITUBONDO',15,1),(240,'KABUPATEN PROBOLINGGO',15,1),(241,'KABUPATEN PASURUAN',15,1),(242,'KABUPATEN SIDOARJO',15,1),(243,'KABUPATEN MOJOKERTO',15,1),(244,'KABUPATEN JOMBANG',15,1),(245,'KABUPATEN NGANJUK',15,1),(246,'KABUPATEN MADIUN',15,1),(247,'KABUPATEN MAGETAN',15,1),(248,'KABUPATEN NGAWI',15,1),(249,'KABUPATEN BOJONEGORO',15,1),(250,'KABUPATEN TUBAN',15,1),(251,'KABUPATEN LAMONGAN',15,1),(252,'KABUPATEN GRESIK',15,1),(253,'KABUPATEN BANGKALAN',15,1),(254,'KABUPATEN SAMPANG',15,1),(255,'KABUPATEN PAMEKASAN',15,1),(256,'KABUPATEN SUMENEP',15,1),(257,'KOTA KEDIRI',15,1),(258,'KOTA BLITAR',15,1),(259,'KOTA MALANG',15,1),(260,'KOTA PROBOLINGGO',15,1),(261,'KOTA PASURUAN',15,1),(262,'KOTA MOJOKERTO',15,1),(263,'KOTA MADIUN',15,1),(264,'KOTA SURABAYA',15,1),(265,'KOTA BATU',15,1),(266,'KABUPATEN PANDEGLANG',16,1),(267,'KABUPATEN LEBAK',16,1),(268,'KABUPATEN TANGERANG',16,1),(269,'KABUPATEN SERANG',16,1),(270,'KOTA TANGERANG',16,1),(271,'KOTA CILEGON',16,1),(272,'KOTA SERANG',16,1),(273,'SOUTH TANGERANG CITY',16,1),(274,'KABUPATEN JEMBRANA',17,1),(275,'KABUPATEN TABANAN',17,1),(276,'KABUPATEN BADUNG',17,1),(277,'KABUPATEN GIANYAR',17,1),(278,'KABUPATEN KLUNGKUNG',17,1),(279,'KABUPATEN BANGLI',17,1),(280,'KABUPATEN KARANG ASEM',17,1),(281,'KABUPATEN BULELENG',17,1),(282,'KOTA DENPASAR',17,1),(283,'KABUPATEN LOMBOK BARAT',18,1),(284,'KABUPATEN LOMBOK TENGAH',18,1),(285,'KABUPATEN LOMBOK TIMUR',18,1),(286,'KABUPATEN SUMBAWA',18,1),(287,'KABUPATEN DOMPU',18,1),(288,'KABUPATEN BIMA',18,1),(289,'KABUPATEN SUMBAWA BARAT',18,1),(290,'KABUPATEN LOMBOK UTARA',18,1),(291,'KOTA MATARAM',18,1),(292,'KOTA BIMA',18,1),(293,'KABUPATEN SUMBA BARAT',19,1),(294,'KABUPATEN SUMBA TIMUR',19,1),(295,'KABUPATEN KUPANG',19,1),(296,'KABUPATEN TIMOR TENGAH SELATAN',19,1),(297,'KABUPATEN TIMOR TENGAH UTARA',19,1),(298,'KABUPATEN BELU',19,1),(299,'KABUPATEN ALOR',19,1),(300,'KABUPATEN LEMBATA',19,1),(301,'KABUPATEN FLORES TIMUR',19,1),(302,'KABUPATEN SIKKA',19,1),(303,'KABUPATEN ENDE',19,1),(304,'KABUPATEN NGADA',19,1),(305,'KABUPATEN MANGGARAI',19,1),(306,'KABUPATEN ROTE NDAO',19,1),(307,'KABUPATEN MANGGARAI BARAT',19,1),(308,'KABUPATEN SUMBA TENGAH',19,1),(309,'KABUPATEN SUMBA BARAT DAYA',19,1),(310,'KABUPATEN NAGEKEO',19,1),(311,'KABUPATEN MANGGARAI TIMUR',19,1),(312,'KABUPATEN SABU RAIJUA',19,1),(313,'KABUPATEN MALAKA',19,1),(314,'KOTA KUPANG',19,1),(315,'KABUPATEN SAMBAS',20,1),(316,'KABUPATEN BENGKAYANG',20,1),(317,'KABUPATEN LANDAK',20,1),(318,'KABUPATEN MEMPAWAH',20,1),(319,'KABUPATEN SANGGAU',20,1),(320,'KABUPATEN KETAPANG',20,1),(321,'KABUPATEN SINTANG',20,1),(322,'KABUPATEN KAPUAS HULU',20,1),(323,'KABUPATEN SEKADAU',20,1),(324,'KABUPATEN MELAWI',20,1),(325,'KABUPATEN KAYONG UTARA',20,1),(326,'KABUPATEN KUBU RAYA',20,1),(327,'KOTA PONTIANAK',20,1),(328,'KOTA SINGKAWANG',20,1),(329,'KABUPATEN KOTAWARINGIN BARAT',21,1),(330,'KABUPATEN KOTAWARINGIN TIMUR',21,1),(331,'KABUPATEN KAPUAS',21,1),(332,'KABUPATEN BARITO SELATAN',21,1),(333,'KABUPATEN BARITO UTARA',21,1),(334,'KABUPATEN SUKAMARA',21,1),(335,'KABUPATEN LAMANDAU',21,1),(336,'KABUPATEN SERUYAN',21,1),(337,'KABUPATEN KATINGAN',21,1),(338,'KABUPATEN PULANG PISAU',21,1),(339,'KABUPATEN GUNUNG MAS',21,1),(340,'KABUPATEN BARITO TIMUR',21,1),(341,'KABUPATEN MURUNG RAYA',21,1),(342,'KOTA PALANGKA RAYA',21,1),(343,'KABUPATEN TANAH LAUT',22,1),(344,'KABUPATEN KOTA BARU',22,1),(345,'KABUPATEN BANJAR',22,1),(346,'KABUPATEN BARITO KUALA',22,1),(347,'KABUPATEN TAPIN',22,1),(348,'KABUPATEN HULU SUNGAI SELATAN',22,1),(349,'KABUPATEN HULU SUNGAI TENGAH',22,1),(350,'KABUPATEN HULU SUNGAI UTARA',22,1),(351,'KABUPATEN TABALONG',22,1),(352,'KABUPATEN TANAH BUMBU',22,1),(353,'KABUPATEN BALANGAN',22,1),(354,'KOTA BANJARMASIN',22,1),(355,'KOTA BANJAR BARU',22,1),(356,'KABUPATEN PASER',23,1),(357,'KABUPATEN KUTAI BARAT',23,1),(358,'KABUPATEN KUTAI KARTANEGARA',23,1),(359,'KABUPATEN KUTAI TIMUR',23,1),(360,'KABUPATEN BERAU',23,1),(361,'KABUPATEN PENAJAM PASER UTARA',23,1),(362,'KABUPATEN MAHAKAM HULU',23,1),(363,'KOTA BALIKPAPAN',23,1),(364,'KOTA SAMARINDA',23,1),(365,'KOTA BONTANG',23,1),(366,'KABUPATEN MALINAU',24,1),(367,'KABUPATEN BULUNGAN',24,1),(368,'KABUPATEN TANA TIDUNG',24,1),(369,'KABUPATEN NUNUKAN',24,1),(370,'KOTA TARAKAN',24,1),(371,'KABUPATEN BOLAANG MONGONDOW',25,1),(372,'KABUPATEN MINAHASA',25,1),(373,'KABUPATEN KEPULAUAN SANGIHE',25,1),(374,'KABUPATEN KEPULAUAN TALAUD',25,1),(375,'KABUPATEN MINAHASA SELATAN',25,1),(376,'KABUPATEN MINAHASA UTARA',25,1),(377,'KABUPATEN BOLAANG MONGONDOW UTARA',25,1),(378,'KABUPATEN SIAU TAGULANDANG BIARO',25,1),(379,'KABUPATEN MINAHASA TENGGARA',25,1),(380,'KABUPATEN BOLAANG MONGONDOW SELATAN',25,1),(381,'KABUPATEN BOLAANG MONGONDOW TIMUR',25,1),(382,'KOTA MANADO',25,1),(383,'KOTA BITUNG',25,1),(384,'KOTA TOMOHON',25,1),(385,'KOTA KOTAMOBAGU',25,1),(386,'KABUPATEN BANGGAI KEPULAUAN',26,1),(387,'KABUPATEN BANGGAI',26,1),(388,'KABUPATEN MOROWALI',26,1),(389,'KABUPATEN POSO',26,1),(390,'KABUPATEN DONGGALA',26,1),(391,'KABUPATEN TOLI-TOLI',26,1),(392,'KABUPATEN BUOL',26,1),(393,'KABUPATEN PARIGI MOUTONG',26,1),(394,'KABUPATEN TOJO UNA-UNA',26,1),(395,'KABUPATEN SIGI',26,1),(396,'KABUPATEN BANGGAI LAUT',26,1),(397,'KABUPATEN MOROWALI UTARA',26,1),(398,'KOTA PALU',26,1),(399,'KABUPATEN KEPULAUAN SELAYAR',27,1),(400,'KABUPATEN BULUKUMBA',27,1),(401,'KABUPATEN BANTAENG',27,1),(402,'KABUPATEN JENEPONTO',27,1),(403,'KABUPATEN TAKALAR',27,1),(404,'KABUPATEN GOWA',27,1),(405,'KABUPATEN SINJAI',27,1),(406,'KABUPATEN MAROS',27,1),(407,'KABUPATEN PANGKAJENE DAN KEPULAUAN',27,1),(408,'KABUPATEN BARRU',27,1),(409,'KABUPATEN BONE',27,1),(410,'KABUPATEN SOPPENG',27,1),(411,'KABUPATEN WAJO',27,1),(412,'KABUPATEN SIDENRENG RAPPANG',27,1),(413,'KABUPATEN PINRANG',27,1),(414,'KABUPATEN ENREKANG',27,1),(415,'KABUPATEN LUWU',27,1),(416,'KABUPATEN TANA TORAJA',27,1),(417,'KABUPATEN LUWU UTARA',27,1),(418,'KABUPATEN LUWU TIMUR',27,1),(419,'KABUPATEN TORAJA UTARA',27,1),(420,'KOTA MAKASSAR',27,1),(421,'KOTA PAREPARE',27,1),(422,'KOTA PALOPO',27,1),(423,'KABUPATEN BUTON',28,1),(424,'KABUPATEN MUNA',28,1),(425,'KABUPATEN KONAWE',28,1),(426,'KABUPATEN KOLAKA',28,1),(427,'KABUPATEN KONAWE SELATAN',28,1),(428,'KABUPATEN BOMBANA',28,1),(429,'KABUPATEN WAKATOBI',28,1),(430,'KABUPATEN KOLAKA UTARA',28,1),(431,'KABUPATEN BUTON UTARA',28,1),(432,'KABUPATEN KONAWE UTARA',28,1),(433,'KABUPATEN KOLAKA TIMUR',28,1),(434,'KABUPATEN KONAWE KEPULAUAN',28,1),(435,'KABUPATEN MUNA BARAT',28,1),(436,'KABUPATEN BUTON TENGAH',28,1),(437,'KABUPATEN BUTON SELATAN',28,1),(438,'KOTA KENDARI',28,1),(439,'KOTA BAUBAU',28,1),(440,'KABUPATEN BOALEMO',29,1),(441,'KABUPATEN GORONTALO',29,1),(442,'KABUPATEN POHUWATO',29,1),(443,'KABUPATEN BONE BOLANGO',29,1),(444,'KABUPATEN GORONTALO UTARA',29,1),(445,'KOTA GORONTALO',29,1),(446,'KABUPATEN MAJENE',30,1),(447,'KABUPATEN POLEWALI MANDAR',30,1),(448,'KABUPATEN MAMASA',30,1),(449,'KABUPATEN MAMUJU',30,1),(450,'KABUPATEN MAMUJU UTARA',30,1),(451,'KABUPATEN MAMUJU TENGAH',30,1),(452,'KABUPATEN MALUKU TENGGARA BARAT',31,1),(453,'KABUPATEN MALUKU TENGGARA',31,1),(454,'KABUPATEN MALUKU TENGAH',31,1),(455,'KABUPATEN BURU',31,1),(456,'KABUPATEN KEPULAUAN ARU',31,1),(457,'KABUPATEN SERAM BAGIAN BARAT',31,1),(458,'KABUPATEN SERAM BAGIAN TIMUR',31,1),(459,'KABUPATEN MALUKU BARAT DAYA',31,1),(460,'KABUPATEN BURU SELATAN',31,1),(461,'KOTA AMBON',31,1),(462,'KOTA TUAL',31,1),(463,'KABUPATEN HALMAHERA BARAT',32,1),(464,'KABUPATEN HALMAHERA TENGAH',32,1),(465,'KABUPATEN KEPULAUAN SULA',32,1),(466,'KABUPATEN HALMAHERA SELATAN',32,1),(467,'KABUPATEN HALMAHERA UTARA',32,1),(468,'KABUPATEN HALMAHERA TIMUR',32,1),(469,'KABUPATEN PULAU MOROTAI',32,1),(470,'KABUPATEN PULAU TALIABU',32,1),(471,'KOTA TERNATE',32,1),(472,'KOTA TIDORE KEPULAUAN',32,1),(473,'KABUPATEN FAKFAK',33,1),(474,'KABUPATEN KAIMANA',33,1),(475,'KABUPATEN TELUK WONDAMA',33,1),(476,'KABUPATEN TELUK BINTUNI',33,1),(477,'KABUPATEN MANOKWARI',33,1),(478,'KABUPATEN SORONG SELATAN',33,1),(479,'KABUPATEN SORONG',33,1),(480,'KABUPATEN RAJA AMPAT',33,1),(481,'KABUPATEN TAMBRAUW',33,1),(482,'KABUPATEN MAYBRAT',33,1),(483,'KABUPATEN MANOKWARI SELATAN',33,1),(484,'KABUPATEN PEGUNUNGAN ARFAK',33,1),(485,'KOTA SORONG',33,1),(486,'KABUPATEN MERAUKE',34,1),(487,'KABUPATEN JAYAWIJAYA',34,1),(488,'KABUPATEN JAYAPURA',34,1),(489,'KABUPATEN NABIRE',34,1),(490,'KABUPATEN KEPULAUAN YAPEN',34,1),(491,'KABUPATEN BIAK NUMFOR',34,1),(492,'KABUPATEN PANIAI',34,1),(493,'KABUPATEN PUNCAK JAYA',34,1),(494,'KABUPATEN MIMIKA',34,1),(495,'KABUPATEN BOVEN DIGOEL',34,1),(496,'KABUPATEN MAPPI',34,1),(497,'KABUPATEN ASMAT',34,1),(498,'KABUPATEN YAHUKIMO',34,1),(499,'KABUPATEN PEGUNUNGAN BINTANG',34,1),(500,'KABUPATEN TOLIKARA',34,1),(501,'KABUPATEN SARMI',34,1),(502,'KABUPATEN KEEROM',34,1),(503,'KABUPATEN WAROPEN',34,1),(504,'KABUPATEN SUPIORI',34,1),(505,'KABUPATEN MAMBERAMO RAYA',34,1),(506,'KABUPATEN NDUGA',34,1),(507,'KABUPATEN LANNY JAYA',34,1),(508,'KABUPATEN MAMBERAMO TENGAH',34,1),(509,'KABUPATEN YALIMO',34,1),(510,'KABUPATEN PUNCAK',34,1),(511,'KABUPATEN DOGIYAI',34,1),(512,'KABUPATEN INTAN JAYA',34,1),(513,'KABUPATEN DEIYAI',34,1),(514,'KOTA JAYAPURA',34,1);
/*!40000 ALTER TABLE `p_city` ENABLE KEYS */;
UNLOCK TABLES;

--
-- Table structure for table `p_country`
--

DROP TABLE IF EXISTS `p_country`;
/*!40101 SET @saved_cs_client     = @@character_set_client */;
/*!40101 SET character_set_client = utf8 */;
CREATE TABLE `p_country` (
  `id_country` int(11) unsigned NOT NULL AUTO_INCREMENT,
  `country_name` varchar(100) DEFAULT NULL,
  `country_isocode` varchar(11) DEFAULT NULL,
  `country_isdcode` varchar(11) DEFAULT NULL,
  PRIMARY KEY (`id_country`)
) ENGINE=InnoDB AUTO_INCREMENT=247 DEFAULT CHARSET=latin1;
/*!40101 SET character_set_client = @saved_cs_client */;

--
-- Dumping data for table `p_country`
--

LOCK TABLES `p_country` WRITE;
/*!40000 ALTER TABLE `p_country` DISABLE KEYS */;
INSERT INTO `p_country` VALUES (1,'Indonesia','ID','+62'),(2,'United States','US','+1'),(3,'United Kingdom','GB','+44'),(4,'Japan','JP','+81'),(5,'South Korea','KR','+82'),(6,'Malaysia','MY','+60'),(7,'Singapore','SG','+65'),(8,'Afghanistan','AF','+93'),(9,'Albania','AL','+355'),(10,'Algeria','DZ','+213'),(11,'American Samoa','AS','+1-684'),(12,'Andorra','AD','+376'),(13,'Angola','AO','+244'),(14,'Anguilla','AI','+1-264'),(15,'Antarctica','AQ','+672'),(16,'Antigua and Barbuda','AG','+1-268'),(17,'Argentina','AR','+54'),(18,'Armenia','AM','+374'),(19,'Aruba','AW','+297'),(20,'Australia','AU','+61'),(21,'Austria','AT','+43'),(22,'Azerbaijan','AZ','+994'),(23,'Bahamas','BS','+1-242'),(24,'Bahrain','BH','+973'),(25,'Bangladesh','BD','+880'),(26,'Barbados','BB','+1-246'),(27,'Belarus','BY','+375'),(28,'Belgium','BE','+32'),(29,'Belize','BZ','+501'),(30,'Benin','BJ','+229'),(31,'Bermuda','BM','+1-441'),(32,'Bhutan','BT','+975'),(33,'Bolivia','BO','+591'),(34,'Bosnia and Herzegowina','BA','+387'),(35,'Botswana','BW','+267'),(36,'Bouvet Island','BV','+47'),(37,'Brazil','BR','+55'),(38,'British Indian Ocean Territory','IO','+246'),(39,'Brunei Darussalam','BN','+673'),(40,'Bulgaria','BG','+359'),(41,'Burkina Faso','BF','+226'),(42,'Burundi','BI','+257'),(43,'Cambodia','KH','+855'),(44,'Cameroon','CM','+237'),(45,'Canada','CA','+1'),(46,'Cape Verde','CV','+238'),(47,'Cayman Islands','KY','+1-345'),(48,'Central African Republic','CF','+236'),(49,'Chad','TD','+235'),(50,'Chile','CL','+56'),(51,'China','CN','+86'),(52,'Christmas Island','CX','+61'),(53,'Cocos (Keeling) Islands','CC','+61'),(54,'Colombia','CO','+57'),(55,'Comoros','KM','+269'),(56,'Congo Democratic Republic of','CG','+242'),(57,'Cook Islands','CK','+682'),(58,'Costa Rica','CR','+506'),(59,'Cote D\'Ivoire','CI','+225'),(60,'Croatia','HR','+385'),(61,'Cuba','CU','+53'),(62,'Cyprus','CY','+357'),(63,'Czech Republic','CZ','+420'),(64,'Denmark','DK','+45'),(65,'Djibouti','DJ','+253'),(66,'Dominica','DM','+1-767'),(67,'Dominican Republic','DO','+1-809'),(68,'Timor-Leste','TL','+670'),(69,'Ecuador','EC','+593'),(70,'Egypt','EG','+20'),(71,'El Salvador','SV','+503'),(72,'Equatorial Guinea','GQ','+240'),(73,'Eritrea','ER','+291'),(74,'Estonia','EE','+372'),(75,'Ethiopia','ET','+251'),(76,'Falkland Islands (Malvinas)','FK','+500'),(77,'Faroe Islands','FO','+298'),(78,'Fiji','FJ','+679'),(79,'Finland','FI','+358'),(80,'France','FR','+33'),(81,'French Guiana','GF','+594'),(82,'French Polynesia','PF','+689'),(83,'French Southern Territories','TF',NULL),(84,'Gabon','GA','+241'),(85,'Gambia','GM','+220'),(86,'Georgia','GE','+995'),(87,'Germany','DE','+49'),(88,'Ghana','GH','+233'),(89,'Gibraltar','GI','+350'),(90,'Greece','GR','+30'),(91,'Greenland','GL','+299'),(92,'Grenada','GD','+1-473'),(93,'Guadeloupe','GP','+590'),(94,'Guam','GU','+1-671'),(95,'Guatemala','GT','+502'),(96,'Guinea','GN','+224'),(97,'Guinea-bissau','GW','+245'),(98,'Guyana','GY','+592'),(99,'Haiti','HT','+509'),(100,'Heard Island and McDonald Islands','HM','+11'),(101,'Honduras','HN','+504'),(102,'Hong Kong','HK','+852'),(103,'Hungary','HU','+36'),(104,'Iceland','IS','+354'),(105,'India','IN','+91'),(106,'Iran (Islamic Republic of)','IR','+98'),(107,'Iraq','IQ','+964'),(108,'Ireland','IE','+353'),(109,'Israel','IL','+972'),(110,'Italy','IT','+39'),(111,'Jamaica','JM','+1-876'),(112,'Jordan','JO','+962'),(113,'Kazakhstan','KZ','+7'),(114,'Kenya','KE','+254'),(115,'Kiribati','KI','+686'),(116,'Korea , Democratic People\'s Republic of','KP','+850'),(117,'Kuwait','KW','+965'),(118,'Kyrgyzstan','KG','+996'),(119,'Lao People\'s Democratic Republic','LA','+856'),(120,'Latvia','LV','+371'),(121,'Lebanon','LB','+961'),(122,'Lesotho','LS','+266'),(123,'Liberia','LR','+231'),(124,'Libya','LY','+218'),(125,'Liechtenstein','LI','+423'),(126,'Lithuania','LT','+370'),(127,'Luxembourg','LU','+352'),(128,'Macao','MO','+853'),(129,'Macedonia, The Former Yugoslav Republic of','MK','+389'),(130,'Madagascar','MG','+261'),(131,'Malawi','MW','+265'),(132,'Maldives','MV','+960'),(133,'Mali','ML','+223'),(134,'Malta','MT','+356'),(135,'Marshall Islands','MH','+692'),(136,'Martinique','MQ','+596'),(137,'Mauritania','MR','+222'),(138,'Mauritius','MU','+230'),(139,'Mayotte','YT','+262'),(140,'Mexico','MX','+52'),(141,'Micronesia, Federated States of','FM','+691'),(142,'Moldova','MD','+373'),(143,'Monaco','MC','+377'),(144,'Mongolia','MN','+976'),(145,'Montserrat','MS','+1-664'),(146,'Morocco','MA','+212'),(147,'Mozambique','MZ','+258'),(148,'Myanmar','MM','+95'),(149,'Namibia','NA','+264'),(150,'Nauru','NR','+674'),(151,'Nepal','NP','+977'),(152,'Netherlands','NL','+31'),(153,'Netherlands Antilles','AN','+599'),(154,'New Caledonia','NC','+687'),(155,'New Zealand','NZ','+64'),(156,'Nicaragua','NI','+505'),(157,'Niger','NE','+227'),(158,'Nigeria','NG','+234'),(159,'Niue','NU','+683'),(160,'Norfolk Island','NF','+672'),(161,'Northern Mariana Islands','MP','+1-670'),(162,'Norway','NO','+47'),(163,'Oman','OM','+968'),(164,'Pakistan','PK','+92'),(165,'Palau','PW','+680'),(166,'Panama','PA','+507'),(167,'Papua New Guinea','PG','+675'),(168,'Paraguay','PY','+595'),(169,'Peru','PE','+51'),(170,'Philippines','PH','+63'),(171,'Pitcairn','PN','+64'),(172,'Poland','PL','+48'),(173,'Portugal','PT','+351'),(174,'Puerto Rico','PR','+1-787'),(175,'Qatar','QA','+974'),(176,'Reunion','RE','+262'),(177,'Romania','RO','+40'),(178,'Russian Federation','RU','+7'),(179,'Rwanda','RW','+250'),(180,'Saint Kitts and Nevis','KN','+1-869'),(181,'Saint Lucia','LC','+1-758'),(182,'Saint Vincent and the Grenadines','VC','+1-784'),(183,'Samoa','WS','+685'),(184,'San Marino','SM','+378'),(185,'Sao Tome and Principe','ST','+239'),(186,'Saudi Arabia','SA','+966'),(187,'Senegal','SN','+221'),(188,'Seychelles','SC','+248'),(189,'Sierra Leone','SL','+232'),(190,'Slovakia (Slovak Republic)','SK','+421'),(191,'Slovenia','SI','+386'),(192,'Solomon Islands','SB','+677'),(193,'Somalia','SO','+252'),(194,'South Africa','ZA','+27'),(195,'South Georgia and the South Sandwich Islands','GS','+500'),(196,'Spain','ES','+34'),(197,'Sri Lanka','LK','+94'),(198,'Saint Helena, Ascension and Tristan da Cunha','SH','+290'),(199,'St. Pierre and Miquelon','PM','+508'),(200,'Sudan','SD','+249'),(201,'Suriname','SR','+597'),(202,'Svalbard and Jan Mayen Islands','SJ','+47'),(203,'Swaziland','SZ','+268'),(204,'Sweden','SE','+46'),(205,'Switzerland','CH','+41'),(206,'Syrian Arab Republic','SY','+963'),(207,'Taiwan','TW','+886'),(208,'Tajikistan','TJ','+992'),(209,'Tanzania, United Republic of','TZ','+255'),(210,'Thailand','TH','+66'),(211,'Togo','TG','+228'),(212,'Tokelau','TK','+690'),(213,'Tonga','TO','+676'),(214,'Trinidad and Tobago','TT','+1-868'),(215,'Tunisia','TN','+216'),(216,'Turkey','TR','+90'),(217,'Turkmenistan','TM','+993'),(218,'Turks and Caicos Islands','TC','+1-649'),(219,'Tuvalu','TV','+688'),(220,'Uganda','UG','+256'),(221,'Ukraine','UA','+380'),(222,'United Arab Emirates','AE','+971'),(223,'United States Minor Outlying Islands','UM','+246'),(224,'Uruguay','UY','+598'),(225,'Uzbekistan','UZ','+998'),(226,'Vanuatu','VU','+678'),(227,'Vatican City State (Holy See)','VA','+379'),(228,'Venezuela','VE','+58'),(229,'Vietnam','VN','+84'),(230,'Virgin Islands (British)','VG','+1-284'),(231,'Virgin Islands (U.S.)','VI','+1-340'),(232,'Wallis and Futuna Islands','WF','+681'),(233,'Western Sahara','EH','+212'),(234,'Yemen','YE','+967'),(235,'Serbia','RS','+381'),(236,'Zambia','ZM','+260'),(237,'Zimbabwe','ZW','+263'),(238,'Aaland Islands','AX','+358'),(239,'Palestine','PS','+970'),(240,'Montenegro','ME','+382'),(241,'Guernsey','GG','+44-1481'),(242,'Isle of Man','IM','+44-1624'),(243,'Jersey','JE','+44-1534'),(244,'Curaçao','CW','+599'),(245,'Ivory Coast','CI','+225'),(246,'Kosovo','XK','+383');
/*!40000 ALTER TABLE `p_country` ENABLE KEYS */;
UNLOCK TABLES;

--
-- Table structure for table `p_customer`
--

DROP TABLE IF EXISTS `p_customer`;
/*!40101 SET @saved_cs_client     = @@character_set_client */;
/*!40101 SET character_set_client = utf8 */;
CREATE TABLE `p_customer` (
  `id_customer` int(11) NOT NULL AUTO_INCREMENT,
  `customer_name` varchar(100) NOT NULL DEFAULT '',
  `customer_addr` varchar(200) DEFAULT '-',
  `customer_phone` varchar(20) DEFAULT '-',
  `customer_email` varchar(20) DEFAULT '-',
  `customer_pic` varchar(100) DEFAULT '-',
  `customer_pic_phone` varchar(20) DEFAULT '-',
  `customer_pic_email` varchar(20) DEFAULT '-',
  PRIMARY KEY (`id_customer`),
  UNIQUE KEY `customer_name` (`customer_name`)
) ENGINE=InnoDB AUTO_INCREMENT=27 DEFAULT CHARSET=latin1;
/*!40101 SET character_set_client = @saved_cs_client */;

--
-- Dumping data for table `p_customer`
--

LOCK TABLES `p_customer` WRITE;
/*!40000 ALTER TABLE `p_customer` DISABLE KEYS */;
INSERT INTO `p_customer` VALUES (1,'COMMLIFE','-','-','-','-','-','-'),(2,'COMMBANK','-','-','-','-','-','-'),(3,'BLOOMBERG','-','-','-','-','-','-'),(4,'SEMEN INDONESIA','-','-','-','-','-','-'),(5,'BEI','-','-','-','-','-','-'),(6,'HUAWEI','-','-','-','-','-','-'),(7,'ALLIANZ','-','-','-','-','-','-'),(8,'ASAP','-','-','-','-','-','-'),(9,'BMKG','-','-','-','-','-','-'),(10,'CLOUD','-','-','-','-','-','-'),(11,'DBSI','-','-','-','-','-','-'),(12,'DKI','-','-','-','-','-','-'),(13,'DOKU','-','-','-','-','-','-'),(14,'DPR','-','-','-','-','-','-'),(15,'FIF','-','-','-','-','-','-'),(16,'GARUDA FOOD','-','-','-','-','-','-'),(17,'HSBC','-','-','-','-','-','-'),(18,'JALIN','-','-','-','-','-','-'),(19,'KEMENDAG','-','-','-','-','-','-'),(20,'MAYBANK SYARIAH','-','-','-','-','-','-'),(21,'NEC INDONESIA','-','-','-','-','-','-'),(22,'PINMAS','-','-','-','-','-','-'),(23,'NETWORK','-','-','-','-','-','-'),(24,'SINHAN','-','-','-','-','-','-'),(25,'SOMPO','-','-','-','-','-','-'),(26,'SOFTEX','-','-','-','-','-','-');
/*!40000 ALTER TABLE `p_customer` ENABLE KEYS */;
UNLOCK TABLES;

--
-- Table structure for table `p_dacen`
--

DROP TABLE IF EXISTS `p_dacen`;
/*!40101 SET @saved_cs_client     = @@character_set_client */;
/*!40101 SET character_set_client = utf8 */;
CREATE TABLE `p_dacen` (
  `id_dacen` int(11) NOT NULL AUTO_INCREMENT,
  `dacen_code` varchar(25) NOT NULL,
  `dacen_name` varchar(50) NOT NULL,
  `dacen_img` text NOT NULL,
  `id_dacencategory` int(11) NOT NULL,
  `id_city` int(11) unsigned NOT NULL,
  `dacen_space` varchar(50) NOT NULL,
  `dacen_desc` text NOT NULL,
  `dacen_file` text NOT NULL,
  `dacen_locdetail` text NOT NULL,
  `dacen_long` double DEFAULT NULL,
  `dacen_lat` double DEFAULT NULL,
  `dacen_diagrampower` text NOT NULL,
  `dacen_connectivity` text NOT NULL,
  `dacen_contact` varchar(20) DEFAULT NULL,
  `pic_dacen` int(11) DEFAULT NULL,
  PRIMARY KEY (`id_dacen`),
  KEY `id_city` (`id_city`),
  KEY `id_dacencategory` (`id_dacencategory`),
  KEY `id_city_2` (`id_city`),
  KEY `id_city_3` (`id_city`),
  KEY `pic_dacen` (`pic_dacen`),
  CONSTRAINT `p_dacen_ibfk_1` FOREIGN KEY (`id_dacencategory`) REFERENCES `p_dacencategory` (`id_dacencategory`) ON DELETE CASCADE ON UPDATE CASCADE,
  CONSTRAINT `p_dacen_ibfk_2` FOREIGN KEY (`id_city`) REFERENCES `p_city` (`id_city`) ON DELETE CASCADE ON UPDATE CASCADE,
  CONSTRAINT `p_dacen_ibfk_3` FOREIGN KEY (`pic_dacen`) REFERENCES `p_user` (`id_user`) ON DELETE CASCADE ON UPDATE CASCADE
) ENGINE=InnoDB AUTO_INCREMENT=7 DEFAULT CHARSET=latin1;
/*!40101 SET character_set_client = @saved_cs_client */;

--
-- Dumping data for table `p_dacen`
--

LOCK TABLES `p_dacen` WRITE;
/*!40000 ALTER TABLE `p_dacen` DISABLE KEYS */;
INSERT INTO `p_dacen` VALUES (1,'ESR','Serpong Data Center','dc_serpong.png',2,273,'22.500 m2 ','DC located in BSD City, a commercial & residential area, away from the location that could become terrorist or demonstration targets (embassies, government offices, crowed area, industrial area)\r\n','EnterpriseDC-Serpongv2.0.pdf','- Located in the Central Business District of BSD City, a major satellite town southwest of Jakarta\n- The area is 40m above sea level , free from fload, away from river , coastline (based from BMKG)\n- Easily accessable via two toll roads from Jakarta (West Jakarta and South Jakarta)\n- Trasportation : bus, shuttle bus, taxi, train\n- Proximity to Firehouse, Police Station, Hospital, Hotel, Amenities\n- Not in the flight path\n- Not close to military base\n- Away from airport, chemical plant, and landfill\n- Not adjacent to a foreign embassy\n- Not located in high crime areas\n- 36 km from CBD Jakarta (1 hour drive via toll road), 40 km from Soekarno-Hatta International Airport\n- Low risk of earthquake, not located above active fault (based on from BMKG)\n- Distance from emergency assistance: 1.2 km from fire house, 2.0 km from police station, 0.5 km from hospital\n- Public transportation: shuttle bus from/to BSD City/Jakarta, taxi\n- Amenities: hotel (0,8 km), food center (0.7 km), hypermarket & food court (0.8 km)',106.6681012,-6.2975484,'sld.png','connectivity.png','21 538 8538',49),(2,'ESN','Sentul Data Center','dc_sentul.png',2,161,'9000 m2','DC located in Sentul City, a commercial & residential area, away from the location that could become terrorist or demonstration targets (embassies, government offices, crowed area, industrial area)','','-DC located in Sentul City, a commercial & residential area, away from the location that could become terrorist or demonstration targets (embassies, government offices, crowed area, industrial area)\r-49 km from CBD Jakarta (1 hour drive via toll road), 77',NULL,NULL,'sld.png','connectivity.png','',NULL),(3,'ESB','Surabaya Data Center ','dc_surabaya.png',2,264,'6600 m2','DC located in Citraland, a commercial & residential area, away from the location that could become terrorist or demonstration targets (embassies, government offices, crowed area, industrial area)','','-DC located in Citraland, a commercial & residential area, away from the location that could become terrorist or demonstration targets (embassies, government offices, crowed area, industrial area)\r-About 700 km air distance from Jakarta\r-18 km from CBD Su',NULL,NULL,'sld.png','connectivity.png','',NULL);
/*!40000 ALTER TABLE `p_dacen` ENABLE KEYS */;
UNLOCK TABLES;

--
-- Table structure for table `p_dacencategory`
--

DROP TABLE IF EXISTS `p_dacencategory`;
/*!40101 SET @saved_cs_client     = @@character_set_client */;
/*!40101 SET character_set_client = utf8 */;
CREATE TABLE `p_dacencategory` (
  `id_dacencategory` int(11) NOT NULL AUTO_INCREMENT,
  `dacencategory` varchar(50) NOT NULL,
  `is_active` int(1) NOT NULL DEFAULT '1',
  PRIMARY KEY (`id_dacencategory`)
) ENGINE=InnoDB AUTO_INCREMENT=7 DEFAULT CHARSET=latin1;
/*!40101 SET character_set_client = @saved_cs_client */;

--
-- Dumping data for table `p_dacencategory`
--

LOCK TABLES `p_dacencategory` WRITE;
/*!40000 ALTER TABLE `p_dacencategory` DISABLE KEYS */;
INSERT INTO `p_dacencategory` VALUES (1,'Sumatra',1),(2,'Java',1),(3,'Inner City',1),(4,'Borneo',1),(5,'Eastern Indonesia',1),(6,'Bali Nusra',1);
/*!40000 ALTER TABLE `p_dacencategory` ENABLE KEYS */;
UNLOCK TABLES;

--
-- Table structure for table `p_evidencetype`
--

DROP TABLE IF EXISTS `p_evidencetype`;
/*!40101 SET @saved_cs_client     = @@character_set_client */;
/*!40101 SET character_set_client = utf8 */;
CREATE TABLE `p_evidencetype` (
  `id_evidencetype` int(11) NOT NULL,
  `evidencetype` varchar(100) DEFAULT NULL,
  PRIMARY KEY (`id_evidencetype`)
) ENGINE=InnoDB DEFAULT CHARSET=latin1;
/*!40101 SET character_set_client = @saved_cs_client */;

--
-- Dumping data for table `p_evidencetype`
--

LOCK TABLES `p_evidencetype` WRITE;
/*!40000 ALTER TABLE `p_evidencetype` DISABLE KEYS */;
/*!40000 ALTER TABLE `p_evidencetype` ENABLE KEYS */;
UNLOCK TABLES;

--
-- Table structure for table `p_floor`
--

DROP TABLE IF EXISTS `p_floor`;
/*!40101 SET @saved_cs_client     = @@character_set_client */;
/*!40101 SET character_set_client = utf8 */;
CREATE TABLE `p_floor` (
  `id_floor` int(11) NOT NULL AUTO_INCREMENT,
  `floor_level` varchar(30) NOT NULL,
  `id_sector` int(11) NOT NULL,
  `floor_name` varchar(30) NOT NULL,
  `is_used` int(1) NOT NULL DEFAULT '1',
  `id_building` int(11) NOT NULL,
  `floor_maps` text NOT NULL,
  `is_active` int(1) NOT NULL DEFAULT '1',
  PRIMARY KEY (`id_floor`),
  KEY `id_sector` (`id_sector`),
  KEY `id_building` (`id_building`),
  CONSTRAINT `p_floor_ibfk_1` FOREIGN KEY (`id_sector`) REFERENCES `p_sector` (`id_sector`) ON DELETE CASCADE ON UPDATE CASCADE,
  CONSTRAINT `p_floor_ibfk_2` FOREIGN KEY (`id_building`) REFERENCES `p_building` (`id_building`) ON DELETE CASCADE ON UPDATE CASCADE
) ENGINE=InnoDB AUTO_INCREMENT=17 DEFAULT CHARSET=latin1;
/*!40101 SET character_set_client = @saved_cs_client */;

--
-- Dumping data for table `p_floor`
--

LOCK TABLES `p_floor` WRITE;
/*!40000 ALTER TABLE `p_floor` DISABLE KEYS */;
INSERT INTO `p_floor` VALUES (1,'2',2,'2nd Floor West',0,1,'',1),(3,'2',3,'2nd Floor Center',0,1,'',1),(4,'2',4,'2nd Floor East',0,1,'',1),(5,'3',2,'3th Floor West',0,1,'',1),(6,'3',3,'3th Floor Center',0,1,'',1),(7,'3',4,'3th Floor East',0,1,'',1),(8,'5',2,'5th Floor West',0,1,'',1),(9,'5',3,'5th Floor Center',1,1,'dc_serpong_5_center.png',1),(10,'5',4,'5th Floor East',1,1,'',1),(11,'6',2,'6th Floor West',0,1,'',1),(12,'6',3,'6th Floor Center',0,1,'',1),(13,'6',4,'6th Floor East',0,1,'',1),(14,'1',2,'Lantai Contoh',0,1,'',1),(15,'1',3,'Lantai Contoh2',0,1,'',1),(16,'1',4,'Lantai Contoh 3',0,1,'',1);
/*!40000 ALTER TABLE `p_floor` ENABLE KEYS */;
UNLOCK TABLES;

--
-- Table structure for table `p_highlight`
--

DROP TABLE IF EXISTS `p_highlight`;
/*!40101 SET @saved_cs_client     = @@character_set_client */;
/*!40101 SET character_set_client = utf8 */;
CREATE TABLE `p_highlight` (
  `id_highlight` int(11) NOT NULL AUTO_INCREMENT,
  `id_dacen` int(10) NOT NULL,
  `highlight_name` varchar(50) DEFAULT NULL,
  `highlight_img` text,
  PRIMARY KEY (`id_highlight`),
  KEY `id_dacen` (`id_dacen`),
  CONSTRAINT `p_highlight_ibfk_1` FOREIGN KEY (`id_dacen`) REFERENCES `p_dacen` (`id_dacen`) ON DELETE CASCADE ON UPDATE CASCADE
) ENGINE=InnoDB AUTO_INCREMENT=6 DEFAULT CHARSET=latin1;
/*!40101 SET character_set_client = @saved_cs_client */;

--
-- Dumping data for table `p_highlight`
--

LOCK TABLES `p_highlight` WRITE;
/*!40000 ALTER TABLE `p_highlight` DISABLE KEYS */;
/*!40000 ALTER TABLE `p_highlight` ENABLE KEYS */;
UNLOCK TABLES;

--
-- Table structure for table `p_partner`
--

DROP TABLE IF EXISTS `p_partner`;
/*!40101 SET @saved_cs_client     = @@character_set_client */;
/*!40101 SET character_set_client = utf8 */;
CREATE TABLE `p_partner` (
  `id_partner` int(11) NOT NULL AUTO_INCREMENT,
  `id_dacen` int(11) NOT NULL,
  `partner_name` varchar(50) NOT NULL,
  `partner_img` text NOT NULL,
  `is_active` int(1) NOT NULL DEFAULT '1',
  PRIMARY KEY (`id_partner`),
  KEY `id_dacen` (`id_dacen`),
  CONSTRAINT `p_partner_ibfk_1` FOREIGN KEY (`id_dacen`) REFERENCES `p_dacen` (`id_dacen`) ON DELETE CASCADE ON UPDATE CASCADE
) ENGINE=InnoDB AUTO_INCREMENT=34 DEFAULT CHARSET=latin1;
/*!40101 SET character_set_client = @saved_cs_client */;

--
-- Dumping data for table `p_partner`
--

LOCK TABLES `p_partner` WRITE;
/*!40000 ALTER TABLE `p_partner` DISABLE KEYS */;
INSERT INTO `p_partner` VALUES (1,1,'abb','abb.png',1),(2,1,'cummins','cummins.png',1),(3,1,'gg','gg.png',1),(4,1,'imefy','imefy.png',1),(5,1,'kidde','kidde.png',1),(6,1,'kohler','kohler.png',1),(7,1,'lindner','lindner.png',1),(8,1,'mero','mero.png',1),(9,1,'schneider','schneider.png',1),(10,1,'socomec','socomec.png',1),(11,1,'vertiv','vertiv.png',1),(12,2,'abb','abb.png',1),(13,2,'cummins','cummins.png',1),(14,2,'gg','gg.png',1),(15,2,'imefy','imefy.png',1),(16,2,'kidde','kidde.png',1),(17,2,'kohler','kohler.png',1),(18,2,'lindner','lindner.png',1),(19,2,'mero','mero.png',1),(20,2,'schneider','schneider.png',1),(21,2,'socomec','socomec.png',1),(22,2,'vertiv','vertiv.png',1),(23,3,'abb','abb.png',1),(24,3,'cummins','cummins.png',1),(25,3,'gg','gg.png',1),(26,3,'imefy','imefy.png',1),(27,3,'kidde','kidde.png',1),(28,3,'kohler','kohler.png',1),(29,3,'lindner','lindner.png',1),(30,3,'mero','mero.png',1),(31,3,'schneider','schneider.png',1),(32,3,'socomec','socomec.png',1),(33,3,'vertiv','vertiv.png',1);
/*!40000 ALTER TABLE `p_partner` ENABLE KEYS */;
UNLOCK TABLES;

--
-- Table structure for table `p_province`
--

DROP TABLE IF EXISTS `p_province`;
/*!40101 SET @saved_cs_client     = @@character_set_client */;
/*!40101 SET character_set_client = utf8 */;
CREATE TABLE `p_province` (
  `id_province` int(11) unsigned NOT NULL AUTO_INCREMENT,
  `name` varchar(50) DEFAULT NULL,
  PRIMARY KEY (`id_province`)
) ENGINE=InnoDB AUTO_INCREMENT=35 DEFAULT CHARSET=latin1;
/*!40101 SET character_set_client = @saved_cs_client */;

--
-- Dumping data for table `p_province`
--

LOCK TABLES `p_province` WRITE;
/*!40000 ALTER TABLE `p_province` DISABLE KEYS */;
INSERT INTO `p_province` VALUES (1,'ACEH'),(2,'SUMATERA UTARA'),(3,'SUMATERA BARAT'),(4,'RIAU'),(5,'JAMBI'),(6,'SUMATERA SELATAN'),(7,'BENGKULU'),(8,'LAMPUNG'),(9,'KEPULAUAN BANGKA BELITUNG'),(10,'KEPULAUAN RIAU'),(11,'DKI JAKARTA'),(12,'JAWA BARAT'),(13,'JAWA TENGAH'),(14,'DI YOGYAKARTA'),(15,'JAWA TIMUR'),(16,'BANTEN'),(17,'BALI'),(18,'NUSA TENGGARA BARAT'),(19,'NUSA TENGGARA TIMUR'),(20,'KALIMANTAN BARAT'),(21,'KALIMANTAN TENGAH'),(22,'KALIMANTAN SELATAN'),(23,'KALIMANTAN TIMUR'),(24,'KALIMANTAN UTARA'),(25,'SULAWESI UTARA'),(26,'SULAWESI TENGAH'),(27,'SULAWESI SELATAN'),(28,'SULAWESI TENGGARA'),(29,'GORONTALO'),(30,'SULAWESI BARAT'),(31,'MALUKU'),(32,'MALUKU UTARA'),(33,'PAPUA BARAT'),(34,'PAPUA');
/*!40000 ALTER TABLE `p_province` ENABLE KEYS */;
UNLOCK TABLES;

--
-- Table structure for table `p_rack`
--

DROP TABLE IF EXISTS `p_rack`;
/*!40101 SET @saved_cs_client     = @@character_set_client */;
/*!40101 SET character_set_client = utf8 */;
CREATE TABLE `p_rack` (
  `id_rack` int(11) NOT NULL AUTO_INCREMENT,
  `rack_name` varchar(50) NOT NULL,
  `id_dacen` int(11) NOT NULL,
  `id_floor` int(11) NOT NULL,
  `id_area` int(11) NOT NULL,
  `id_rackstatus_origin` int(11) NOT NULL,
  `id_rackstatus_current` int(11) NOT NULL,
  `id_customer` int(11) DEFAULT NULL,
  `setup_price` int(30) DEFAULT NULL,
  `publish_price` int(30) DEFAULT NULL,
  PRIMARY KEY (`id_rack`),
  KEY `id_dacen` (`id_dacen`),
  KEY `id_floor` (`id_floor`),
  KEY `id_area` (`id_area`),
  KEY `id_rackstatus_current` (`id_rackstatus_current`),
  KEY `id_customer` (`id_customer`),
  KEY `id_rackstatus_origin` (`id_rackstatus_origin`),
  CONSTRAINT `p_rack_ibfk_1` FOREIGN KEY (`id_dacen`) REFERENCES `p_dacen` (`id_dacen`) ON DELETE CASCADE ON UPDATE CASCADE,
  CONSTRAINT `p_rack_ibfk_2` FOREIGN KEY (`id_floor`) REFERENCES `p_floor` (`id_floor`) ON DELETE CASCADE ON UPDATE CASCADE,
  CONSTRAINT `p_rack_ibfk_3` FOREIGN KEY (`id_area`) REFERENCES `p_area` (`id_area`) ON DELETE CASCADE ON UPDATE CASCADE,
  CONSTRAINT `p_rack_ibfk_4` FOREIGN KEY (`id_rackstatus_origin`) REFERENCES `p_rackstatus` (`id_rackstatus`) ON DELETE CASCADE ON UPDATE CASCADE,
  CONSTRAINT `p_rack_ibfk_5` FOREIGN KEY (`id_rackstatus_current`) REFERENCES `p_rackstatus` (`id_rackstatus`) ON DELETE CASCADE ON UPDATE CASCADE,
  CONSTRAINT `p_rack_ibfk_6` FOREIGN KEY (`id_customer`) REFERENCES `p_customer` (`id_customer`) ON DELETE CASCADE ON UPDATE CASCADE
) ENGINE=InnoDB AUTO_INCREMENT=539 DEFAULT CHARSET=latin1;
/*!40101 SET character_set_client = @saved_cs_client */;

--
-- Dumping data for table `p_rack`
--

LOCK TABLES `p_rack` WRITE;
/*!40000 ALTER TABLE `p_rack` DISABLE KEYS */;
INSERT INTO `p_rack` VALUES (1,'ESRC5001000',1,9,1,2,2,1,15000000,20500000),(2,'ESRC5002000',1,9,1,1,1,NULL,15000000,20500000),(3,'ESRC5003000',1,9,1,6,6,NULL,15000000,20500000),(4,'ESRC5004000',1,9,1,6,6,NULL,15000000,20500000),(5,'ESRC5005000',1,9,1,6,6,NULL,15000000,20500000),(6,'ESRC5006000',1,9,1,5,2,NULL,15000000,20500000),(7,'ESRC5007000',1,9,1,5,2,NULL,15000000,20500000),(8,'ESRC5008000',1,9,1,1,1,NULL,15000000,20500000),(9,'ESRC5009000',1,9,1,1,1,NULL,15000000,20500000),(10,'ESRC5010000',1,9,1,1,1,NULL,15000000,20500000),(11,'ESRC5011000',1,9,1,1,1,NULL,15000000,20500000),(12,'ESRC5012000',1,9,1,1,1,NULL,15000000,20500000),(13,'ESRC5013000',1,9,1,1,1,NULL,15000000,20500000),(14,'ESRC5014000',1,9,1,1,1,NULL,15000000,20500000),(15,'ESRC5015000',1,9,1,1,1,NULL,15000000,20500000),(16,'ESRC5016000',1,9,1,1,1,NULL,15000000,20500000),(17,'ESRC5017000',1,9,1,5,5,NULL,15000000,20500000),(18,'ESRC5018000',1,9,1,5,5,NULL,15000000,20500000),(19,'ESRC5019000',1,9,1,5,5,NULL,15000000,20500000),(20,'ESRC5020000',1,9,1,5,5,NULL,15000000,20500000),(21,'ESRC5021000',1,9,1,5,5,NULL,15000000,20500000),(22,'ESRC5022000',1,9,1,1,1,NULL,15000000,20500000),(23,'ESRC5023000',1,9,1,1,1,NULL,15000000,20500000),(24,'ESRC5024000',1,9,1,1,1,NULL,15000000,20500000),(25,'ESRC5025000',1,9,1,1,1,NULL,15000000,20500000),(26,'ESRC5026000',1,9,1,1,1,NULL,15000000,20500000),(27,'ESRC5027000',1,9,1,1,1,NULL,15000000,20500000),(28,'ESRC5028000',1,9,1,1,1,NULL,15000000,20500000),(29,'ESRC5029000',1,9,1,1,1,NULL,15000000,20500000),(30,'ESRC5030000',1,9,1,1,1,NULL,15000000,20500000),(31,'ESRC5031000',1,9,1,5,5,NULL,15000000,20500000),(32,'ESRC5032000',1,9,1,5,5,NULL,15000000,20500000),(33,'ESRC5033000',1,9,1,5,5,NULL,15000000,20500000),(34,'ESRC5034000',1,9,1,5,5,NULL,15000000,20500000),(35,'ESRC5035000',1,9,1,5,5,NULL,15000000,20500000),(36,'ESRC5036000',1,9,1,1,1,NULL,15000000,20500000),(37,'ESRC5037000',1,9,1,1,1,NULL,15000000,20500000),(38,'ESRC5038000',1,9,1,1,1,NULL,15000000,20500000),(39,'ESRC5039000',1,9,1,1,1,NULL,15000000,20500000),(40,'ESRC5040000',1,9,1,1,1,NULL,15000000,20500000),(41,'ESRC5041000',1,9,1,1,1,NULL,15000000,20500000),(42,'ESRC5042000',1,9,1,1,1,NULL,15000000,20500000),(43,'ESRC5043000',1,9,1,5,5,NULL,15000000,20500000),(44,'ESRC5044000',1,9,1,5,5,NULL,15000000,20500000),(45,'ESRC5045000',1,9,1,5,5,NULL,15000000,20500000),(46,'ESRC5046000',1,9,1,1,1,NULL,15000000,20500000),(47,'ESRC5047000',1,9,1,1,1,NULL,15000000,20500000),(48,'ESRC5048000',1,9,1,1,1,NULL,15000000,20500000),(49,'ESRC5049000',1,9,1,1,1,NULL,15000000,20500000),(50,'ESRC5050000',1,9,1,1,1,NULL,15000000,20500000),(51,'ESRC5051000',1,9,1,6,6,NULL,15000000,20500000),(52,'ESRC5052000',1,9,1,6,6,NULL,15000000,20500000),(53,'ESRC5053000',1,9,1,6,6,NULL,15000000,20500000),(54,'ESRC5054000',1,9,1,6,6,NULL,15000000,20500000),(55,'ESRC5055000',1,9,1,5,5,NULL,15000000,20500000),(56,'ESRC5056000',1,9,1,5,5,NULL,15000000,20500000),(57,'ESRC5057000',1,9,1,5,5,NULL,15000000,20500000),(58,'ESRC5058000',1,9,1,5,5,NULL,15000000,20500000),(59,'ESRC5059000',1,9,1,5,5,NULL,15000000,20500000),(60,'ESRC5060000',1,9,1,1,1,NULL,15000000,20500000),(61,'ESRC5061000',1,9,1,2,4,NULL,15000000,20500000),(62,'ESRC5062000',1,9,1,2,4,NULL,15000000,20500000),(63,'ESRC5063000',1,9,1,2,4,NULL,15000000,20500000),(64,'ESRC5064000',1,9,1,2,4,NULL,15000000,20500000),(65,'ESRC5065000',1,9,1,2,2,NULL,15000000,20500000),(66,'ESRC5066000',1,9,1,2,2,NULL,15000000,20500000),(67,'ESRC5067000',1,9,1,2,2,NULL,15000000,20500000),(68,'ESRC5068000',1,9,1,2,2,NULL,15000000,20500000),(69,'ESRC5069000',1,9,1,2,2,NULL,15000000,20500000),(70,'ESRC5070000',1,9,1,2,2,NULL,15000000,20500000),(71,'ESRC5071000',1,9,1,2,2,NULL,15000000,20500000),(72,'ESRC5072000',1,9,1,2,2,NULL,15000000,20500000),(73,'ESRC5073000',1,9,1,1,1,NULL,15000000,20500000),(74,'ESRC5074000',1,9,1,2,2,NULL,15000000,20500000),(75,'ESRC5075000',1,9,1,2,2,NULL,15000000,20500000),(76,'ESRC5076000',1,9,1,2,2,NULL,15000000,20500000),(77,'ESRC5077000',1,9,1,2,2,NULL,15000000,20500000),(78,'ESRC5078000',1,9,1,2,2,NULL,15000000,20500000),(79,'ESRC5079000',1,9,1,2,2,NULL,15000000,20500000),(80,'ESRC5080000',1,9,1,2,2,NULL,15000000,20500000),(81,'ESRC5081000',1,9,1,3,2,NULL,15000000,20500000),(82,'ESRC5082000',1,9,1,3,2,NULL,15000000,20500000),(83,'ESRC5083000',1,9,1,2,2,NULL,15000000,20500000),(84,'ESRC5084000',1,9,1,2,2,NULL,15000000,20500000),(85,'ESRC5085000',1,9,1,1,1,NULL,15000000,20500000),(86,'ESRC5086000',1,9,1,1,1,NULL,15000000,20500000),(87,'ESRC5087000',1,9,1,1,1,NULL,15000000,20500000),(88,'ESRC5088000',1,9,1,1,1,NULL,15000000,20500000),(89,'ESRC5089000',1,9,1,1,1,NULL,15000000,20500000),(90,'ESRC5090000',1,9,1,5,5,NULL,15000000,20500000),(91,'ESRC5091000',1,9,1,5,5,NULL,15000000,20500000),(92,'ESRC5092000',1,9,1,5,5,NULL,15000000,20500000),(93,'ESRC5093000',1,9,1,5,5,NULL,15000000,20500000),(94,'ESRC5094000',1,9,1,5,5,NULL,15000000,20500000),(95,'ESRC5095000',1,9,1,5,5,NULL,15000000,20500000),(96,'ESRC5096000',1,9,1,2,2,NULL,15000000,20500000),(97,'ESRC5097000',1,9,1,2,2,NULL,15000000,20500000),(98,'ESRC5098000',1,9,1,2,2,NULL,15000000,20500000),(99,'ESRC5099000',1,9,1,5,5,NULL,15000000,20500000),(100,'ESRC5100000',1,9,1,1,1,NULL,15000000,20500000),(101,'ESRC5101000',1,9,1,1,1,NULL,15000000,20500000),(102,'ESRC5102000',1,9,1,1,1,NULL,15000000,20500000),(103,'ESRC5103000',1,9,1,1,1,NULL,15000000,20500000),(104,'ESRC5104000',1,9,1,1,1,NULL,15000000,20500000),(105,'ESRC5105000',1,9,1,1,1,NULL,15000000,20500000),(106,'ESRC5106000',1,9,1,1,1,NULL,15000000,20500000),(107,'ESRC5107000',1,9,1,1,1,NULL,15000000,20500000),(108,'ESRC5108000',1,9,1,1,1,NULL,15000000,20500000),(109,'ESRC5109000',1,9,1,1,1,NULL,15000000,20500000),(110,'ESRC5110000',1,9,1,1,1,NULL,15000000,20500000),(111,'ESRC5111000',1,9,1,5,5,NULL,15000000,20500000),(112,'ESRC5112000',1,9,1,5,5,NULL,15000000,20500000),(113,'ESRC5113000',1,9,1,2,2,NULL,15000000,20500000),(114,'ESRC5114000',1,9,1,2,2,NULL,15000000,20500000),(115,'ESRC5115000',1,9,1,2,2,NULL,15000000,20500000),(116,'ESRC5116000',1,9,1,2,2,NULL,15000000,20500000),(117,'ESRC5117000',1,9,1,2,2,NULL,15000000,20500000),(118,'ESRC5118000',1,9,1,2,2,NULL,15000000,20500000),(119,'ESRC5119000',1,9,1,5,5,NULL,15000000,20500000),(120,'ESRC5120000',1,9,1,6,6,NULL,15000000,20500000),(121,'ESRC5121000',1,9,1,6,6,NULL,15000000,20500000),(122,'ESRC5122000',1,9,1,6,6,NULL,15000000,20500000),(123,'ESRC5123000',1,9,1,6,6,NULL,15000000,20500000),(124,'ESRC5124000',1,9,1,1,1,NULL,15000000,20500000),(125,'ESRC5125000',1,9,1,5,5,NULL,15000000,20500000),(126,'ESRC5126000',1,9,1,5,5,NULL,15000000,20500000),(127,'ESRC5127000',1,9,1,1,1,NULL,15000000,20500000),(128,'ESRC5128000',1,9,1,1,1,NULL,15000000,20500000),(129,'ESRC5129000',1,9,1,1,1,NULL,15000000,20500000),(130,'ESRC5130000',1,9,1,1,1,NULL,15000000,20500000),(131,'ESRC5131000',1,9,1,5,5,NULL,15000000,20500000),(132,'ESRC5132000',1,9,1,5,5,NULL,15000000,20500000),(133,'ESRC5133000',1,9,1,5,5,NULL,15000000,20500000),(134,'ESRC5134000',1,9,1,1,1,NULL,15000000,20500000),(135,'ESRC5135000',1,9,1,6,6,NULL,15000000,20500000),(136,'ESRC5136000',1,9,1,1,1,NULL,15000000,20500000),(137,'ESRC5137000',1,9,1,1,1,NULL,15000000,20500000),(138,'ESRC5138000',1,9,1,1,1,NULL,15000000,20500000),(139,'ESRC5139000',1,9,1,5,5,NULL,15000000,20500000),(140,'ESRC5140000',1,9,1,5,5,NULL,15000000,20500000),(141,'ESRC5141000',1,9,1,1,1,NULL,15000000,20500000),(142,'ESRC5142000',1,9,1,1,1,NULL,15000000,20500000),(143,'ESRC5143000',1,9,1,1,1,NULL,15000000,20500000),(144,'ESRC5144000',1,9,1,1,1,NULL,15000000,20500000),(145,'ESRC5145000',1,9,1,1,1,NULL,15000000,20500000),(146,'ESRC5146000',1,9,1,1,1,NULL,15000000,20500000),(147,'ESRC5147000',1,9,1,5,5,NULL,15000000,20500000),(148,'ESRC5148000',1,9,1,1,1,NULL,15000000,20500000),(149,'ESRC5149000',1,9,1,1,1,NULL,15000000,20500000),(150,'ESRC5150000',1,9,1,1,1,NULL,15000000,20500000),(151,'ESRC5151000',1,9,1,1,1,NULL,15000000,20500000),(152,'ESRC5152000',1,9,1,1,1,NULL,15000000,20500000),(153,'ESRC5153000',1,9,1,6,6,NULL,15000000,20500000),(154,'ESRC5154000',1,9,1,5,5,NULL,15000000,20500000),(155,'ESRC5155000',1,9,1,5,5,NULL,15000000,20500000),(156,'ESRC5156000',1,9,1,1,1,NULL,15000000,20500000),(157,'ESRC5157000',1,9,1,1,1,NULL,15000000,20500000),(158,'ESRC5158000',1,9,1,1,1,NULL,15000000,20500000),(159,'ESRC5159000',1,9,1,1,1,NULL,15000000,20500000),(160,'ESRC5160000',1,9,1,1,1,NULL,15000000,20500000),(161,'ESRC5161000',1,9,1,1,1,NULL,15000000,20500000),(162,'ESRC5162000',1,9,1,5,5,NULL,15000000,20500000),(163,'ESRC5163000',1,9,1,6,6,NULL,15000000,20500000),(164,'ESRC5164000',1,9,1,6,6,NULL,15000000,20500000),(165,'ESRC5165000',1,9,1,6,6,NULL,15000000,20500000),(166,'ESRC5166000',1,9,1,5,5,NULL,15000000,20500000),(167,'ESRC5167000',1,9,1,5,5,NULL,15000000,20500000),(168,'ESRC5168000',1,9,1,1,1,NULL,15000000,20500000),(169,'ESRC5169000',1,9,1,1,1,NULL,15000000,20500000),(170,'ESRC5170000',1,9,1,1,1,NULL,15000000,20500000),(171,'ESRC5171000',1,9,1,1,1,NULL,15000000,20500000),(172,'ESRC5172000',1,9,1,1,1,NULL,15000000,20500000),(173,'ESRC5173000',1,9,1,1,1,NULL,15000000,20500000),(174,'ESRC5174000',1,9,1,5,5,NULL,15000000,20500000),(175,'ESRC5175000',1,9,1,2,2,NULL,15000000,20500000),(176,'ESRC5176000',1,9,1,1,1,NULL,15000000,20500000),(177,'ESRC5177000',1,9,1,1,1,NULL,15000000,20500000),(178,'ESRC5178000',1,9,1,1,1,NULL,15000000,20500000),(179,'ESRC5179000',1,9,1,5,5,NULL,15000000,20500000),(180,'ESRC5180000',1,9,1,5,5,NULL,15000000,20500000),(181,'ESRC5181000',1,9,1,1,1,NULL,15000000,20500000),(182,'ESRC5182000',1,9,1,1,1,NULL,15000000,20500000),(183,'ESRC5183000',1,9,1,1,1,NULL,15000000,20500000),(184,'ESRC5184000',1,9,1,1,1,NULL,15000000,20500000),(185,'ESRC5185000',1,9,1,1,1,NULL,15000000,20500000),(186,'ESRC5186000',1,9,1,1,1,NULL,15000000,20500000),(187,'ESRC5187000',1,9,1,5,5,NULL,15000000,20500000),(188,'ESRC5188000',1,9,1,2,2,NULL,15000000,20500000),(189,'ESRC5189000',1,9,1,5,5,NULL,15000000,20500000),(190,'ESRC5190000',1,9,1,1,1,NULL,15000000,20500000),(191,'ESRC5191000',1,9,1,1,1,NULL,15000000,20500000),(192,'ESRC5192000',1,9,1,1,1,NULL,15000000,20500000),(193,'ESRC5193000',1,9,1,5,5,NULL,15000000,20500000),(194,'ESRC5194000',1,9,1,5,5,NULL,15000000,20500000),(195,'ESRC5195000',1,9,1,6,6,NULL,15000000,20500000),(196,'ESRC5196000',1,9,1,6,6,NULL,15000000,20500000),(197,'ESRC5197000',1,9,1,6,6,NULL,15000000,20500000),(198,'ESRC5198000',1,9,1,6,6,NULL,15000000,20500000),(199,'ESRC5199000',1,9,1,6,6,NULL,15000000,20500000),(200,'ESRC5200000',1,9,1,6,6,NULL,15000000,20500000),(201,'ESRC5201000',1,9,1,5,5,NULL,15000000,20500000),(202,'ESRC5202000',1,9,1,2,2,NULL,15000000,20500000),(203,'ESRC5203000',1,9,1,1,1,NULL,15000000,20500000),(204,'ESRC5204000',1,9,1,1,1,NULL,15000000,20500000),(205,'ESRC5205000',1,9,1,5,5,NULL,15000000,20500000),(206,'ESRC5206000',1,9,1,5,5,NULL,15000000,20500000),(207,'ESRC5207000',1,9,1,6,6,NULL,15000000,20500000),(208,'ESRC5208000',1,9,1,6,6,NULL,15000000,20500000),(209,'ESRC5209000',1,9,1,6,6,NULL,15000000,20500000),(210,'ESRC5210000',1,9,1,6,6,NULL,15000000,20500000),(211,'ESRC5211000',1,9,1,6,6,NULL,15000000,20500000),(212,'ESRC5212000',1,9,1,6,6,NULL,15000000,20500000),(213,'ESRC5213000',1,9,1,5,5,NULL,15000000,20500000),(214,'ESRC5214000',1,9,1,1,1,NULL,15000000,20500000),(215,'ESRC5215000',1,9,1,1,1,NULL,15000000,20500000),(216,'ESRC5216000',1,9,1,1,1,NULL,15000000,20500000),(217,'ESRC5217000',1,9,1,5,5,NULL,15000000,20500000),(218,'ESRC5218000',1,9,1,5,5,NULL,15000000,20500000),(219,'ESRC5219000',1,9,1,2,2,NULL,15000000,20500000),(220,'ESRC5220000',1,9,1,2,2,NULL,15000000,20500000),(221,'ESRC5221000',1,9,1,2,2,NULL,15000000,20500000),(222,'ESRC5222000',1,9,1,2,2,NULL,15000000,20500000),(223,'ESRC5223000',1,9,1,2,2,NULL,15000000,20500000),(224,'ESRC5224000',1,9,1,2,2,NULL,15000000,20500000),(225,'ESRC5225000',1,9,1,2,2,NULL,15000000,20500000),(226,'ESRC5226000',1,9,1,2,2,NULL,15000000,20500000),(227,'ESRC5227000',1,9,1,2,2,NULL,15000000,20500000),(228,'ESRC5228000',1,9,1,1,1,NULL,15000000,20500000),(229,'ESRC5229000',1,9,1,1,1,NULL,15000000,20500000),(230,'ESRC5230000',1,9,1,2,2,NULL,15000000,20500000),(231,'ESRC5231000',1,9,1,5,5,NULL,15000000,20500000),(232,'ESRC5232000',1,9,1,5,5,NULL,15000000,20500000),(233,'ESRC5233000',1,9,1,2,2,NULL,15000000,20500000),(234,'ESRC5234000',1,9,1,2,2,NULL,15000000,20500000),(235,'ESRC5235000',1,9,1,1,1,NULL,15000000,20500000),(236,'ESRC5236000',1,9,1,2,2,NULL,15000000,20500000),(237,'ESRC5237000',1,9,1,2,2,NULL,15000000,20500000),(238,'ESRC5238000',1,9,1,2,2,NULL,15000000,20500000),(239,'ESRC5239000',1,9,1,2,2,NULL,15000000,20500000),(240,'ESRC5240000',1,9,1,2,3,NULL,15000000,20500000),(241,'ESRC5241000',1,9,1,2,3,NULL,15000000,20500000),(242,'ESRE5001000',1,10,1,5,5,NULL,15000000,20500000),(243,'ESRE5002000',1,10,1,1,1,NULL,15000000,20500000),(244,'ESRE5003000',1,10,1,1,1,NULL,15000000,20500000),(245,'ESRE5004000',1,10,1,1,1,NULL,15000000,20500000),(246,'ESRE5005000',1,10,1,1,1,NULL,15000000,20500000),(247,'ESRE5006000',1,10,1,2,2,NULL,15000000,20500000),(248,'ESRE5007000',1,10,1,2,2,NULL,15000000,20500000),(249,'ESRE5008000',1,10,1,2,2,NULL,15000000,20500000),(250,'ESRE5009000',1,10,1,2,2,NULL,15000000,20500000),(251,'ESRE5010000',1,10,1,2,2,NULL,15000000,20500000),(252,'ESRE5011000',1,10,1,2,2,NULL,15000000,20500000),(253,'ESRE5012000',1,10,1,6,6,18,15000000,20500000),(254,'ESRE5013000',1,10,1,6,6,18,15000000,20500000),(255,'ESRE5014000',1,10,1,1,1,18,15000000,20500000),(256,'ESRE5015000',1,10,1,1,1,18,15000000,20500000),(257,'ESRE5016000',1,10,1,1,1,18,15000000,20500000),(258,'ESRE5017000',1,10,1,1,1,18,15000000,20500000),(259,'ESRE5018000',1,10,1,1,1,18,15000000,20500000),(260,'ESRE5019000',1,10,1,5,5,NULL,15000000,20500000),(261,'ESRE5020000',1,10,1,5,5,NULL,15000000,20500000),(262,'ESRE5021000',1,10,1,5,5,NULL,15000000,20500000),(263,'ESRE5022000',1,10,1,1,1,NULL,15000000,20500000),(264,'ESRE5023000',1,10,1,2,2,NULL,15000000,20500000),(265,'ESRE5024000',1,10,1,2,2,NULL,15000000,20500000),(266,'ESRE5025000',1,10,1,2,2,NULL,15000000,20500000),(267,'ESRE5026000',1,10,1,6,6,18,15000000,20500000),(268,'ESRE5027000',1,10,1,1,1,18,15000000,20500000),(269,'ESRE5028000',1,10,1,6,6,18,15000000,20500000),(270,'ESRE5029000',1,10,1,6,6,18,15000000,20500000),(271,'ESRE5030000',1,10,1,6,6,18,15000000,20500000),(272,'ESRE5031000',1,10,1,1,1,18,15000000,20500000),(273,'ESRE5032000',1,10,1,1,1,18,15000000,20500000),(274,'ESRE5033000',1,10,1,5,5,NULL,15000000,20500000),(275,'ESRE5034000',1,10,1,5,5,NULL,15000000,20500000),(276,'ESRE5035000',1,10,1,5,5,NULL,15000000,20500000),(277,'ESRE5036000',1,10,1,1,1,NULL,15000000,20500000),(278,'ESRE5037000',1,10,1,1,1,NULL,15000000,20500000),(279,'ESRE5038000',1,10,1,1,1,NULL,15000000,20500000),(280,'ESRE5039000',1,10,1,2,2,NULL,15000000,20500000),(281,'ESRE5040000',1,10,1,1,1,12,15000000,20500000),(282,'ESRE5041000',1,10,1,1,1,12,15000000,20500000),(283,'ESRE5042000',1,10,1,1,1,12,15000000,20500000),(284,'ESRE5043000',1,10,1,1,1,12,15000000,20500000),(285,'ESRE5044000',1,10,1,1,1,12,15000000,20500000),(286,'ESRE5045000',1,10,1,1,1,12,15000000,20500000),(287,'ESRE5046000',1,10,1,1,1,12,15000000,20500000),(288,'ESRE5047000',1,10,1,1,1,12,15000000,20500000),(289,'ESRE5048000',1,10,1,1,1,12,15000000,20500000),(290,'ESRE5049000',1,10,1,1,1,12,15000000,20500000),(291,'ESRE5050000',1,10,1,1,1,12,15000000,20500000),(292,'ESRE5051000',1,10,1,6,6,12,15000000,20500000),(293,'ESRE5052000',1,10,1,6,6,12,15000000,20500000),(294,'ESRE5053000',1,10,1,6,6,12,15000000,20500000),(295,'ESRE5054000',1,10,1,1,1,15,15000000,20500000),(296,'ESRE5055000',1,10,1,1,1,15,15000000,20500000),(297,'ESRE5056000',1,10,1,1,1,15,15000000,20500000),(298,'ESRE5057000',1,10,1,1,1,15,15000000,20500000),(299,'ESRE5058000',1,10,1,1,1,15,15000000,20500000),(300,'ESRE5059000',1,10,1,1,1,15,15000000,20500000),(301,'ESRE5060000',1,10,1,1,1,15,15000000,20500000),(302,'ESRE5061000',1,10,1,1,1,15,15000000,20500000),(303,'ESRE5062000',1,10,1,1,1,15,15000000,20500000),(304,'ESRE5063000',1,10,1,1,1,15,15000000,20500000),(305,'ESRE5064000',1,10,1,1,1,15,15000000,20500000),(306,'ESRE5065000',1,10,1,5,5,NULL,15000000,20500000),(307,'ESRE5066000',1,10,1,5,5,NULL,15000000,20500000),(308,'ESRE5067000',1,10,1,5,5,NULL,15000000,20500000),(309,'ESRE5068000',1,10,1,1,1,15,15000000,20500000),(310,'ESRE5069000',1,10,1,1,1,15,15000000,20500000),(311,'ESRE5070000',1,10,1,1,1,15,15000000,20500000),(312,'ESRE5071000',1,10,1,1,1,15,15000000,20500000),(313,'ESRE5072000',1,10,1,1,1,15,15000000,20500000),(314,'ESRE5073000',1,10,1,1,1,15,15000000,20500000),(315,'ESRE5074000',1,10,1,1,1,15,15000000,20500000),(316,'ESRE5075000',1,10,1,1,1,15,15000000,20500000),(317,'ESRE5076000',1,10,1,1,1,15,15000000,20500000),(318,'ESRE5077000',1,10,1,1,1,15,15000000,20500000),(319,'ESRE5078000',1,10,1,1,1,15,15000000,20500000),(320,'ESRE5079000',1,10,1,5,5,NULL,15000000,20500000),(321,'ESRE5080000',1,10,1,5,5,NULL,15000000,20500000),(322,'ESRE5081000',1,10,1,5,5,NULL,15000000,20500000),(323,'ESRE5082000',1,10,1,6,6,20,15000000,20500000),(324,'ESRE5083000',1,10,1,1,1,20,15000000,20500000),(325,'ESRE5084000',1,10,1,6,6,20,15000000,20500000),(326,'ESRE5085000',1,10,1,1,1,20,15000000,20500000),(327,'ESRE5086000',1,10,1,6,6,20,15000000,20500000),(328,'ESRE5087000',1,10,1,5,5,NULL,15000000,20500000),(329,'ESRE5088000',1,10,1,5,5,NULL,15000000,20500000),(330,'ESRE5089000',1,10,1,5,5,NULL,15000000,20500000),(331,'ESRE5090000',1,10,1,5,5,NULL,15000000,20500000),(332,'ESRE5091000',1,10,1,1,1,24,15000000,20500000),(333,'ESRE5092000',1,10,1,1,1,24,15000000,20500000),(334,'ESRE5093000',1,10,1,1,1,24,15000000,20500000),(335,'ESRE5094000',1,10,1,5,5,NULL,15000000,20500000),(336,'ESRE5095000',1,10,1,5,5,NULL,15000000,20500000),(337,'ESRE5096000',1,10,1,1,1,7,15000000,20500000),(338,'ESRE5097000',1,10,1,1,1,7,15000000,20500000),(339,'ESRE5098000',1,10,1,5,5,NULL,15000000,20500000),(340,'ESRE5099000',1,10,1,5,5,NULL,15000000,20500000),(341,'ESRE5100000',1,10,1,4,2,10,15000000,20500000),(342,'ESRE5101000',1,10,1,4,2,10,15000000,20500000),(343,'ESRE5102000',1,10,1,1,1,10,15000000,20500000),(344,'ESRE5103000',1,10,1,1,1,10,15000000,20500000),(345,'ESRE5104000',1,10,1,1,1,10,15000000,20500000),(346,'ESRE5105000',1,10,1,1,1,10,15000000,20500000),(347,'ESRE5106000',1,10,1,4,2,10,15000000,20500000),(348,'ESRE5107000',1,10,1,1,1,25,15000000,20500000),(349,'ESRE5108000',1,10,1,1,1,14,15000000,20500000),(350,'ESRE5109000',1,10,1,1,1,26,15000000,20500000),(351,'ESRE5110000',1,10,1,1,1,7,15000000,20500000),(352,'ESRE5111000',1,10,1,1,1,7,15000000,20500000),(353,'ESRE5112000',1,10,1,5,5,NULL,15000000,20500000),(354,'ESRE5113000',1,10,1,5,5,NULL,15000000,20500000),(355,'ESRE5114000',1,10,1,4,2,10,15000000,20500000),(356,'ESRE5115000',1,10,1,4,2,10,15000000,20500000),(357,'ESRE5116000',1,10,1,1,1,10,15000000,20500000),(358,'ESRE5117000',1,10,1,1,1,10,15000000,20500000),(359,'ESRE5118000',1,10,1,1,1,10,15000000,20500000),(360,'ESRE5119000',1,10,1,4,2,10,15000000,20500000),(361,'ESRE5120000',1,10,1,4,2,10,15000000,20500000),(362,'ESRE5121000',1,10,1,4,2,10,15000000,20500000),(363,'ESRE5122000',1,10,1,4,2,10,15000000,20500000),(364,'ESRE5123000',1,10,1,4,2,10,15000000,20500000),(365,'ESRE5124000',1,10,1,5,5,NULL,15000000,20500000),(366,'ESRE5125000',1,10,1,5,5,NULL,15000000,20500000),(367,'ESRE5126000',1,10,1,5,5,NULL,15000000,20500000),(368,'ESRE5127000',1,10,1,1,1,23,15000000,20500000),(369,'ESRE5128000',1,10,1,1,1,23,15000000,20500000),(370,'ESRE5129000',1,10,1,1,1,23,15000000,20500000),(371,'ESRE5130000',1,10,1,5,5,NULL,15000000,20500000),(372,'ESRE5131000',1,10,1,5,5,NULL,15000000,20500000),(373,'ESRE5132000',1,10,1,6,6,23,15000000,20500000),(374,'ESRE5133000',1,10,1,1,1,23,15000000,20500000),(375,'ESRE5134000',1,10,1,1,1,23,15000000,20500000),(376,'ESRE5135000',1,10,1,5,5,NULL,15000000,20500000),(377,'ESRE5136000',1,10,1,5,5,NULL,15000000,20500000),(378,'ESRE5137000',1,10,1,5,5,NULL,15000000,20500000),(379,'ESRE5138000',1,10,1,5,5,NULL,15000000,20500000),(380,'ESRE5139000',1,10,1,5,5,NULL,15000000,20500000),(381,'ESRE5140000',1,10,1,5,5,NULL,15000000,20500000),(382,'ESRE5141000',1,10,1,5,5,NULL,15000000,20500000),(383,'ESRE5142000',1,10,1,1,1,11,15000000,20500000),(384,'ESRE5143000',1,10,1,1,1,11,15000000,20500000),(385,'ESRE5144000',1,10,1,1,1,11,15000000,20500000),(386,'ESRE5145000',1,10,1,1,1,11,15000000,20500000),(387,'ESRE5146000',1,10,1,1,1,11,15000000,20500000),(388,'ESRE5147000',1,10,1,1,1,11,15000000,20500000),(389,'ESRE5148000',1,10,1,1,1,11,15000000,20500000),(390,'ESRE5149000',1,10,1,1,1,11,15000000,20500000),(391,'ESRE5150000',1,10,1,1,1,11,15000000,20500000),(392,'ESRE5151000',1,10,1,5,5,NULL,15000000,20500000),(393,'ESRE5152000',1,10,1,5,5,NULL,15000000,20500000),(394,'ESRE5153000',1,10,1,5,5,NULL,15000000,20500000),(395,'ESRE5154000',1,10,1,5,5,NULL,15000000,20500000),(396,'ESRE5155000',1,10,1,6,6,13,15000000,20500000),(397,'ESRE5156000',1,10,1,1,1,13,15000000,20500000),(398,'ESRE5157000',1,10,1,5,5,NULL,15000000,20500000),(399,'ESRE5158000',1,10,1,5,5,NULL,15000000,20500000),(400,'ESRE5159000',1,10,1,5,5,NULL,15000000,20500000),(401,'ESRE5160000',1,10,1,1,1,6,15000000,20500000),(402,'ESRE5161000',1,10,1,1,1,6,15000000,20500000),(403,'ESRE5162000',1,10,1,1,1,6,15000000,20500000),(404,'ESRE5163000',1,10,1,1,1,6,15000000,20500000),(405,'ESRE5164000',1,10,1,1,1,6,15000000,20500000),(406,'ESRE5165000',1,10,1,1,1,6,15000000,20500000),(407,'ESRE5166000',1,10,1,5,5,NULL,15000000,20500000),(408,'ESRE5167000',1,10,1,5,5,NULL,15000000,20500000),(409,'ESRE5168000',1,10,1,5,5,NULL,15000000,20500000),(410,'ESRE5169000',1,10,1,1,1,13,15000000,20500000),(411,'ESRE5170000',1,10,1,1,1,13,15000000,20500000),(412,'ESRE5171000',1,10,1,5,5,NULL,15000000,20500000),(413,'ESRE5172000',1,10,1,5,5,NULL,15000000,20500000),(414,'ESRE5173000',1,10,1,5,5,NULL,15000000,20500000),(415,'ESRE5174000',1,10,1,1,1,6,15000000,20500000),(416,'ESRE5175000',1,10,1,1,1,6,15000000,20500000),(417,'ESRE5176000',1,10,1,1,1,6,15000000,20500000),(418,'ESRE5177000',1,10,1,1,1,6,15000000,20500000),(419,'ESRE5178000',1,10,1,1,1,6,15000000,20500000),(420,'ESRE5179000',1,10,1,1,1,6,15000000,20500000),(421,'ESRE5180000',1,10,1,5,5,NULL,15000000,20500000),(422,'ESRE5181000',1,10,1,5,5,NULL,15000000,20500000),(423,'ESRE5182000',1,10,1,1,1,22,15000000,20500000),(424,'ESRE5183000',1,10,1,1,1,22,15000000,20500000),(425,'ESRE5184000',1,10,1,1,1,19,15000000,20500000),(426,'ESRE5185000',1,10,1,1,1,16,15000000,20500000),(427,'ESRE5186000',1,10,1,5,5,NULL,15000000,20500000),(428,'ESRE5187000',1,10,1,5,5,NULL,15000000,20500000),(429,'ESRE5188000',1,10,1,5,5,NULL,15000000,20500000),(430,'ESRE5189000',1,10,1,1,1,6,15000000,20500000),(431,'ESRE5190000',1,10,1,1,1,6,15000000,20500000),(432,'ESRE5191000',1,10,1,1,1,6,15000000,20500000),(433,'ESRE5192000',1,10,1,1,1,6,15000000,20500000),(434,'ESRE5193000',1,10,1,1,1,6,15000000,20500000),(435,'ESRE5194000',1,10,1,1,1,6,15000000,20500000),(436,'ESRE5195000',1,10,1,5,5,NULL,15000000,20500000),(437,'ESRE5196000',1,10,1,5,5,NULL,15000000,20500000),(438,'ESRE5197000',1,10,1,1,1,8,15000000,20500000),(439,'ESRE5198000',1,10,1,1,1,9,15000000,20500000),(440,'ESRE5199000',1,10,1,1,1,9,15000000,20500000),(441,'ESRE5200000',1,10,1,1,1,21,15000000,20500000),(442,'ESRE5201000',1,10,1,5,5,NULL,15000000,20500000),(443,'ESRE5202000',1,10,1,5,5,NULL,15000000,20500000),(444,'ESRE5203000',1,10,1,5,5,NULL,15000000,20500000),(445,'ESRE5204000',1,10,1,1,1,6,15000000,20500000),(446,'ESRE5205000',1,10,1,1,1,6,15000000,20500000),(447,'ESRE5206000',1,10,1,1,1,6,15000000,20500000),(448,'ESRE5207000',1,10,1,1,1,6,15000000,20500000),(449,'ESRE5208000',1,10,1,1,1,6,15000000,20500000),(450,'ESRE5209000',1,10,1,1,1,6,15000000,20500000),(451,'ESRE5210000',1,10,1,5,5,NULL,15000000,20500000),(452,'ESRE5211000',1,10,1,6,6,17,15000000,20500000),(453,'ESRE5212000',1,10,1,6,6,17,15000000,20500000),(454,'ESRE5213000',1,10,1,6,6,17,15000000,20500000),(455,'ESRE5214000',1,10,1,6,6,17,15000000,20500000),(456,'ESRE5215000',1,10,1,6,6,17,15000000,20500000),(457,'ESRE5216000',1,10,1,6,6,17,15000000,20500000),(458,'ESRE5217000',1,10,1,6,6,17,15000000,20500000),(459,'ESRE5218000',1,10,1,6,6,17,15000000,20500000),(460,'ESRE5219000',1,10,1,6,6,17,15000000,20500000),(461,'ESRE5220000',1,10,1,6,6,17,15000000,20500000),(462,'ESRE5221000',1,10,1,6,6,17,15000000,20500000),(463,'ESRE5222000',1,10,1,5,5,NULL,15000000,20500000),(464,'ESRE5223000',1,10,1,5,5,NULL,15000000,20500000),(465,'ESRE5224000',1,10,1,5,5,NULL,15000000,20500000),(466,'ESRE5225000',1,10,1,5,5,NULL,15000000,20500000),(467,'ESRE5226000',1,10,1,6,6,17,15000000,20500000),(468,'ESRE5227000',1,10,1,6,6,17,15000000,20500000),(469,'ESRE5228000',1,10,1,6,6,17,15000000,20500000),(470,'ESRE5229000',1,10,1,6,6,17,15000000,20500000),(471,'ESRE5230000',1,10,1,6,6,17,15000000,20500000),(472,'ESRE5231000',1,10,1,6,6,17,15000000,20500000),(473,'ESRE5232000',1,10,1,6,6,17,15000000,20500000),(474,'ESRE5233000',1,10,1,1,1,17,15000000,20500000),(475,'ESRE5234000',1,10,1,1,1,17,15000000,20500000),(476,'ESRE5235000',1,10,1,1,1,17,15000000,20500000),(477,'ESRE5236000',1,10,1,1,1,17,15000000,20500000),(478,'ESRE5237000',1,10,1,5,5,NULL,15000000,20500000),(479,'ESRE5238000',1,10,1,5,5,NULL,15000000,20500000),(480,'ESRE5239000',1,10,1,5,5,NULL,15000000,20500000),(481,'ESRE5240000',1,10,1,5,5,NULL,15000000,20500000),(482,'ESRE5241000',1,10,1,5,5,NULL,15000000,20500000),(483,'ESRE5242000',1,10,1,1,1,17,15000000,20500000),(484,'ESRE5243000',1,10,1,1,1,17,15000000,20500000),(485,'ESRE5244000',1,10,1,1,1,17,15000000,20500000),(486,'ESRE5245000',1,10,1,1,1,17,15000000,20500000),(487,'ESRE5246000',1,10,1,1,1,17,15000000,20500000),(488,'ESRE5247000',1,10,1,1,1,17,15000000,20500000),(489,'ESRE5248000',1,10,1,1,1,17,15000000,20500000),(490,'ESRE5249000',1,10,1,1,1,17,15000000,20500000),(491,'ESRE5250000',1,10,1,5,5,NULL,15000000,20500000),(492,'ESRE5251000',1,10,1,5,5,NULL,15000000,20500000),(493,'ESRE5252000',1,10,1,5,5,NULL,15000000,20500000),(494,'ESRE5253000',1,10,1,1,1,17,15000000,20500000),(495,'ESRE5254000',1,10,1,1,1,17,15000000,20500000),(496,'ESRE5255000',1,10,1,1,1,17,15000000,20500000),(497,'ESRE5256000',1,10,1,1,1,17,15000000,20500000),(498,'ESRE5257000',1,10,1,1,1,17,15000000,20500000),(499,'ESRE5258000',1,10,1,1,1,17,15000000,20500000),(500,'ESRE5259000',1,10,1,1,1,17,15000000,20500000),(501,'ESRE5260000',1,10,1,1,1,17,15000000,20500000),(502,'ESRE5261000',1,10,1,1,1,17,15000000,20500000),(503,'ESRE5262000',1,10,1,1,1,17,15000000,20500000),(504,'ESRE5263000',1,10,1,1,1,17,15000000,20500000),(505,'ESRE5264000',1,10,1,5,5,NULL,15000000,20500000),(506,'ESRE5265000',1,10,1,5,5,NULL,15000000,20500000),(507,'ESRE5266000',1,10,1,5,5,NULL,15000000,20500000),(508,'ESRE5267000',1,10,1,5,5,NULL,15000000,20500000),(509,'ESRE5268000',1,10,1,1,1,17,15000000,20500000),(510,'ESRE5269000',1,10,1,1,1,17,15000000,20500000),(511,'ESRE5270000',1,10,1,1,1,17,15000000,20500000),(512,'ESRE5271000',1,10,1,1,1,17,15000000,20500000),(513,'ESRE5272000',1,10,1,1,1,17,15000000,20500000),(514,'ESRE5273000',1,10,1,1,1,17,15000000,20500000),(515,'ESRE5274000',1,10,1,1,1,17,15000000,20500000),(516,'ESRE5275000',1,10,1,1,1,17,15000000,20500000),(517,'ESRE5276000',1,10,1,1,1,17,15000000,20500000),(518,'ESRE5277000',1,10,1,1,1,17,15000000,20500000),(519,'ESRE5278000',1,10,1,1,1,17,15000000,20500000),(520,'ESRE5279000',1,10,1,5,5,NULL,15000000,20500000),(521,'ESRE5280000',1,10,1,5,5,NULL,15000000,20500000),(522,'ESRE5281000',1,10,1,5,5,NULL,15000000,20500000),(523,'ESRE5282000',1,10,1,5,5,NULL,15000000,20500000),(524,'ESRE5283000',1,10,1,5,5,NULL,15000000,20500000),(525,'ESRE5284000',1,10,1,1,1,17,15000000,20500000),(526,'ESRE5285000',1,10,1,1,1,17,15000000,20500000),(527,'ESRE5286000',1,10,1,1,1,17,15000000,20500000),(528,'ESRE5287000',1,10,1,1,1,17,15000000,20500000),(529,'ESRE5288000',1,10,1,1,1,17,15000000,20500000),(530,'ESRE5289000',1,10,1,1,1,17,15000000,20500000),(531,'ESRE5290000',1,10,1,1,1,17,15000000,20500000),(532,'ESRE5291000',1,10,1,1,1,17,15000000,20500000),(533,'ESRE5292000',1,10,1,1,1,17,15000000,20500000),(534,'ESRE5293000',1,10,1,5,5,NULL,15000000,20500000),(535,'ESRE5294000',1,10,1,5,5,NULL,15000000,20500000),(536,'ESRE5295000',1,10,1,5,5,NULL,15000000,20500000),(537,'ESRE5296000',1,10,1,5,5,NULL,15000000,20500000),(538,'ESRE5297000',1,10,1,5,5,NULL,15000000,20500000);
/*!40000 ALTER TABLE `p_rack` ENABLE KEYS */;
UNLOCK TABLES;

--
-- Table structure for table `p_rack_ori`
--

DROP TABLE IF EXISTS `p_rack_ori`;
/*!40101 SET @saved_cs_client     = @@character_set_client */;
/*!40101 SET character_set_client = utf8 */;
CREATE TABLE `p_rack_ori` (
  `id_rack` int(11) NOT NULL AUTO_INCREMENT,
  `rack_name` varchar(50) NOT NULL,
  `id_dacen` int(11) NOT NULL,
  `id_floor` int(11) NOT NULL,
  `id_area` int(11) NOT NULL,
  `id_rackstatus_origin` int(11) NOT NULL,
  `id_rackstatus_current` int(11) NOT NULL,
  `id_customer` int(11) DEFAULT NULL,
  `setup_price` int(30) DEFAULT NULL,
  `publish_price` int(30) DEFAULT NULL,
  PRIMARY KEY (`id_rack`),
  KEY `id_dacen` (`id_dacen`),
  KEY `id_floor` (`id_floor`),
  KEY `id_area` (`id_area`),
  KEY `id_rackstatus_current` (`id_rackstatus_current`),
  KEY `id_customer` (`id_customer`),
  KEY `id_rackstatus_origin` (`id_rackstatus_origin`),
  CONSTRAINT `p_rack_ori_ibfk_1` FOREIGN KEY (`id_dacen`) REFERENCES `p_dacen` (`id_dacen`) ON DELETE CASCADE ON UPDATE CASCADE,
  CONSTRAINT `p_rack_ori_ibfk_2` FOREIGN KEY (`id_floor`) REFERENCES `p_floor` (`id_floor`) ON DELETE CASCADE ON UPDATE CASCADE,
  CONSTRAINT `p_rack_ori_ibfk_3` FOREIGN KEY (`id_area`) REFERENCES `p_area` (`id_area`) ON DELETE CASCADE ON UPDATE CASCADE,
  CONSTRAINT `p_rack_ori_ibfk_4` FOREIGN KEY (`id_rackstatus_origin`) REFERENCES `p_rackstatus` (`id_rackstatus`) ON DELETE CASCADE ON UPDATE CASCADE,
  CONSTRAINT `p_rack_ori_ibfk_5` FOREIGN KEY (`id_rackstatus_current`) REFERENCES `p_rackstatus` (`id_rackstatus`) ON DELETE CASCADE ON UPDATE CASCADE,
  CONSTRAINT `p_rack_ori_ibfk_6` FOREIGN KEY (`id_customer`) REFERENCES `p_customer` (`id_customer`) ON DELETE CASCADE ON UPDATE CASCADE
) ENGINE=InnoDB AUTO_INCREMENT=539 DEFAULT CHARSET=latin1;
/*!40101 SET character_set_client = @saved_cs_client */;

--
-- Dumping data for table `p_rack_ori`
--

LOCK TABLES `p_rack_ori` WRITE;
/*!40000 ALTER TABLE `p_rack_ori` DISABLE KEYS */;
INSERT INTO `p_rack_ori` VALUES (1,'ESRC5001000',1,9,1,5,5,1,15000000,20500000),(2,'ESRC5002000',1,9,1,1,1,NULL,15000000,20500000),(3,'ESRC5003000',1,9,1,6,6,NULL,15000000,20500000),(4,'ESRC5004000',1,9,1,6,6,NULL,15000000,20500000),(5,'ESRC5005000',1,9,1,6,6,NULL,15000000,20500000),(6,'ESRC5006000',1,9,1,5,5,NULL,15000000,20500000),(7,'ESRC5007000',1,9,1,5,5,NULL,15000000,20500000),(8,'ESRC5008000',1,9,1,1,1,NULL,15000000,20500000),(9,'ESRC5009000',1,9,1,1,1,NULL,15000000,20500000),(10,'ESRC5010000',1,9,1,1,1,NULL,15000000,20500000),(11,'ESRC5011000',1,9,1,1,1,NULL,15000000,20500000),(12,'ESRC5012000',1,9,1,1,1,NULL,15000000,20500000),(13,'ESRC5013000',1,9,1,1,1,NULL,15000000,20500000),(14,'ESRC5014000',1,9,1,1,1,NULL,15000000,20500000),(15,'ESRC5015000',1,9,1,1,1,NULL,15000000,20500000),(16,'ESRC5016000',1,9,1,1,1,NULL,15000000,20500000),(17,'ESRC5017000',1,9,1,5,5,NULL,15000000,20500000),(18,'ESRC5018000',1,9,1,5,5,NULL,15000000,20500000),(19,'ESRC5019000',1,9,1,5,5,NULL,15000000,20500000),(20,'ESRC5020000',1,9,1,5,5,NULL,15000000,20500000),(21,'ESRC5021000',1,9,1,5,5,NULL,15000000,20500000),(22,'ESRC5022000',1,9,1,1,1,NULL,15000000,20500000),(23,'ESRC5023000',1,9,1,1,1,NULL,15000000,20500000),(24,'ESRC5024000',1,9,1,1,1,NULL,15000000,20500000),(25,'ESRC5025000',1,9,1,1,1,NULL,15000000,20500000),(26,'ESRC5026000',1,9,1,1,1,NULL,15000000,20500000),(27,'ESRC5027000',1,9,1,1,1,NULL,15000000,20500000),(28,'ESRC5028000',1,9,1,1,1,NULL,15000000,20500000),(29,'ESRC5029000',1,9,1,1,1,NULL,15000000,20500000),(30,'ESRC5030000',1,9,1,1,1,NULL,15000000,20500000),(31,'ESRC5031000',1,9,1,5,5,NULL,15000000,20500000),(32,'ESRC5032000',1,9,1,5,5,NULL,15000000,20500000),(33,'ESRC5033000',1,9,1,5,5,NULL,15000000,20500000),(34,'ESRC5034000',1,9,1,5,5,NULL,15000000,20500000),(35,'ESRC5035000',1,9,1,5,5,NULL,15000000,20500000),(36,'ESRC5036000',1,9,1,1,1,NULL,15000000,20500000),(37,'ESRC5037000',1,9,1,1,1,NULL,15000000,20500000),(38,'ESRC5038000',1,9,1,1,1,NULL,15000000,20500000),(39,'ESRC5039000',1,9,1,1,1,NULL,15000000,20500000),(40,'ESRC5040000',1,9,1,1,1,NULL,15000000,20500000),(41,'ESRC5041000',1,9,1,1,1,NULL,15000000,20500000),(42,'ESRC5042000',1,9,1,1,1,NULL,15000000,20500000),(43,'ESRC5043000',1,9,1,5,5,NULL,15000000,20500000),(44,'ESRC5044000',1,9,1,5,5,NULL,15000000,20500000),(45,'ESRC5045000',1,9,1,5,5,NULL,15000000,20500000),(46,'ESRC5046000',1,9,1,1,1,NULL,15000000,20500000),(47,'ESRC5047000',1,9,1,1,1,NULL,15000000,20500000),(48,'ESRC5048000',1,9,1,1,1,NULL,15000000,20500000),(49,'ESRC5049000',1,9,1,1,1,NULL,15000000,20500000),(50,'ESRC5050000',1,9,1,1,1,NULL,15000000,20500000),(51,'ESRC5051000',1,9,1,6,6,NULL,15000000,20500000),(52,'ESRC5052000',1,9,1,6,6,NULL,15000000,20500000),(53,'ESRC5053000',1,9,1,6,6,NULL,15000000,20500000),(54,'ESRC5054000',1,9,1,6,6,NULL,15000000,20500000),(55,'ESRC5055000',1,9,1,5,5,NULL,15000000,20500000),(56,'ESRC5056000',1,9,1,5,5,NULL,15000000,20500000),(57,'ESRC5057000',1,9,1,5,5,NULL,15000000,20500000),(58,'ESRC5058000',1,9,1,5,5,NULL,15000000,20500000),(59,'ESRC5059000',1,9,1,5,5,NULL,15000000,20500000),(60,'ESRC5060000',1,9,1,8,8,NULL,15000000,20500000),(61,'ESRC5061000',1,9,1,8,8,NULL,15000000,20500000),(62,'ESRC5062000',1,9,1,8,8,NULL,15000000,20500000),(63,'ESRC5063000',1,9,1,8,8,NULL,15000000,20500000),(64,'ESRC5064000',1,9,1,8,8,NULL,15000000,20500000),(65,'ESRC5065000',1,9,1,8,8,NULL,15000000,20500000),(66,'ESRC5066000',1,9,1,8,8,NULL,15000000,20500000),(67,'ESRC5067000',1,9,1,8,8,NULL,15000000,20500000),(68,'ESRC5068000',1,9,1,2,4,NULL,15000000,20500000),(69,'ESRC5069000',1,9,1,2,4,NULL,15000000,20500000),(70,'ESRC5070000',1,9,1,2,3,NULL,15000000,20500000),(71,'ESRC5071000',1,9,1,2,4,NULL,15000000,20500000),(72,'ESRC5072000',1,9,1,2,4,NULL,15000000,20500000),(73,'ESRC5073000',1,9,1,1,1,NULL,15000000,20500000),(74,'ESRC5074000',1,9,1,2,2,NULL,15000000,20500000),(75,'ESRC5075000',1,9,1,2,2,NULL,15000000,20500000),(76,'ESRC5076000',1,9,1,2,2,NULL,15000000,20500000),(77,'ESRC5077000',1,9,1,2,2,NULL,15000000,20500000),(78,'ESRC5078000',1,9,1,2,2,NULL,15000000,20500000),(79,'ESRC5079000',1,9,1,2,2,NULL,15000000,20500000),(80,'ESRC5080000',1,9,1,2,2,NULL,15000000,20500000),(81,'ESRC5081000',1,9,1,3,3,NULL,15000000,20500000),(82,'ESRC5082000',1,9,1,3,3,NULL,15000000,20500000),(83,'ESRC5083000',1,9,1,2,2,NULL,15000000,20500000),(84,'ESRC5084000',1,9,1,2,2,NULL,15000000,20500000),(85,'ESRC5085000',1,9,1,1,1,NULL,15000000,20500000),(86,'ESRC5086000',1,9,1,1,1,NULL,15000000,20500000),(87,'ESRC5087000',1,9,1,1,1,NULL,15000000,20500000),(88,'ESRC5088000',1,9,1,1,1,NULL,15000000,20500000),(89,'ESRC5089000',1,9,1,1,1,NULL,15000000,20500000),(90,'ESRC5090000',1,9,1,5,5,NULL,15000000,20500000),(91,'ESRC5091000',1,9,1,5,5,NULL,15000000,20500000),(92,'ESRC5092000',1,9,1,5,5,NULL,15000000,20500000),(93,'ESRC5093000',1,9,1,5,5,NULL,15000000,20500000),(94,'ESRC5094000',1,9,1,5,5,NULL,15000000,20500000),(95,'ESRC5095000',1,9,1,5,5,NULL,15000000,20500000),(96,'ESRC5096000',1,9,1,8,8,NULL,15000000,20500000),(97,'ESRC5097000',1,9,1,8,8,NULL,15000000,20500000),(98,'ESRC5098000',1,9,1,8,8,NULL,15000000,20500000),(99,'ESRC5099000',1,9,1,5,5,NULL,15000000,20500000),(100,'ESRC5100000',1,9,1,1,1,NULL,15000000,20500000),(101,'ESRC5101000',1,9,1,1,1,NULL,15000000,20500000),(102,'ESRC5102000',1,9,1,1,1,NULL,15000000,20500000),(103,'ESRC5103000',1,9,1,1,1,NULL,15000000,20500000),(104,'ESRC5104000',1,9,1,1,1,NULL,15000000,20500000),(105,'ESRC5105000',1,9,1,1,1,NULL,15000000,20500000),(106,'ESRC5106000',1,9,1,1,1,NULL,15000000,20500000),(107,'ESRC5107000',1,9,1,1,1,NULL,15000000,20500000),(108,'ESRC5108000',1,9,1,1,1,NULL,15000000,20500000),(109,'ESRC5109000',1,9,1,1,1,NULL,15000000,20500000),(110,'ESRC5110000',1,9,1,1,1,NULL,15000000,20500000),(111,'ESRC5111000',1,9,1,5,5,NULL,15000000,20500000),(112,'ESRC5112000',1,9,1,5,5,NULL,15000000,20500000),(113,'ESRC5113000',1,9,1,8,8,NULL,15000000,20500000),(114,'ESRC5114000',1,9,1,8,8,NULL,15000000,20500000),(115,'ESRC5115000',1,9,1,8,8,NULL,15000000,20500000),(116,'ESRC5116000',1,9,1,8,8,NULL,15000000,20500000),(117,'ESRC5117000',1,9,1,8,8,NULL,15000000,20500000),(118,'ESRC5118000',1,9,1,8,8,NULL,15000000,20500000),(119,'ESRC5119000',1,9,1,5,5,NULL,15000000,20500000),(120,'ESRC5120000',1,9,1,6,6,NULL,15000000,20500000),(121,'ESRC5121000',1,9,1,6,6,NULL,15000000,20500000),(122,'ESRC5122000',1,9,1,6,6,NULL,15000000,20500000),(123,'ESRC5123000',1,9,1,6,6,NULL,15000000,20500000),(124,'ESRC5124000',1,9,1,1,1,NULL,15000000,20500000),(125,'ESRC5125000',1,9,1,5,5,NULL,15000000,20500000),(126,'ESRC5126000',1,9,1,5,5,NULL,15000000,20500000),(127,'ESRC5127000',1,9,1,1,1,NULL,15000000,20500000),(128,'ESRC5128000',1,9,1,1,1,NULL,15000000,20500000),(129,'ESRC5129000',1,9,1,1,1,NULL,15000000,20500000),(130,'ESRC5130000',1,9,1,1,1,NULL,15000000,20500000),(131,'ESRC5131000',1,9,1,5,5,NULL,15000000,20500000),(132,'ESRC5132000',1,9,1,5,5,NULL,15000000,20500000),(133,'ESRC5133000',1,9,1,5,5,NULL,15000000,20500000),(134,'ESRC5134000',1,9,1,1,1,NULL,15000000,20500000),(135,'ESRC5135000',1,9,1,6,6,NULL,15000000,20500000),(136,'ESRC5136000',1,9,1,1,1,NULL,15000000,20500000),(137,'ESRC5137000',1,9,1,1,1,NULL,15000000,20500000),(138,'ESRC5138000',1,9,1,1,1,NULL,15000000,20500000),(139,'ESRC5139000',1,9,1,5,5,NULL,15000000,20500000),(140,'ESRC5140000',1,9,1,5,5,NULL,15000000,20500000),(141,'ESRC5141000',1,9,1,1,1,NULL,15000000,20500000),(142,'ESRC5142000',1,9,1,1,1,NULL,15000000,20500000),(143,'ESRC5143000',1,9,1,1,1,NULL,15000000,20500000),(144,'ESRC5144000',1,9,1,1,1,NULL,15000000,20500000),(145,'ESRC5145000',1,9,1,1,1,NULL,15000000,20500000),(146,'ESRC5146000',1,9,1,1,1,NULL,15000000,20500000),(147,'ESRC5147000',1,9,1,5,5,NULL,15000000,20500000),(148,'ESRC5148000',1,9,1,1,1,NULL,15000000,20500000),(149,'ESRC5149000',1,9,1,1,1,NULL,15000000,20500000),(150,'ESRC5150000',1,9,1,1,1,NULL,15000000,20500000),(151,'ESRC5151000',1,9,1,1,1,NULL,15000000,20500000),(152,'ESRC5152000',1,9,1,1,1,NULL,15000000,20500000),(153,'ESRC5153000',1,9,1,6,6,NULL,15000000,20500000),(154,'ESRC5154000',1,9,1,5,5,NULL,15000000,20500000),(155,'ESRC5155000',1,9,1,5,5,NULL,15000000,20500000),(156,'ESRC5156000',1,9,1,1,1,NULL,15000000,20500000),(157,'ESRC5157000',1,9,1,1,1,NULL,15000000,20500000),(158,'ESRC5158000',1,9,1,1,1,NULL,15000000,20500000),(159,'ESRC5159000',1,9,1,1,1,NULL,15000000,20500000),(160,'ESRC5160000',1,9,1,1,1,NULL,15000000,20500000),(161,'ESRC5161000',1,9,1,1,1,NULL,15000000,20500000),(162,'ESRC5162000',1,9,1,5,5,NULL,15000000,20500000),(163,'ESRC5163000',1,9,1,6,6,NULL,15000000,20500000),(164,'ESRC5164000',1,9,1,6,6,NULL,15000000,20500000),(165,'ESRC5165000',1,9,1,6,6,NULL,15000000,20500000),(166,'ESRC5166000',1,9,1,5,5,NULL,15000000,20500000),(167,'ESRC5167000',1,9,1,5,5,NULL,15000000,20500000),(168,'ESRC5168000',1,9,1,1,1,NULL,15000000,20500000),(169,'ESRC5169000',1,9,1,1,1,NULL,15000000,20500000),(170,'ESRC5170000',1,9,1,1,1,NULL,15000000,20500000),(171,'ESRC5171000',1,9,1,1,1,NULL,15000000,20500000),(172,'ESRC5172000',1,9,1,1,1,NULL,15000000,20500000),(173,'ESRC5173000',1,9,1,1,1,NULL,15000000,20500000),(174,'ESRC5174000',1,9,1,5,5,NULL,15000000,20500000),(175,'ESRC5175000',1,9,1,8,8,NULL,15000000,20500000),(176,'ESRC5176000',1,9,1,1,1,NULL,15000000,20500000),(177,'ESRC5177000',1,9,1,1,1,NULL,15000000,20500000),(178,'ESRC5178000',1,9,1,1,1,NULL,15000000,20500000),(179,'ESRC5179000',1,9,1,5,5,NULL,15000000,20500000),(180,'ESRC5180000',1,9,1,5,5,NULL,15000000,20500000),(181,'ESRC5181000',1,9,1,1,1,NULL,15000000,20500000),(182,'ESRC5182000',1,9,1,1,1,NULL,15000000,20500000),(183,'ESRC5183000',1,9,1,1,1,NULL,15000000,20500000),(184,'ESRC5184000',1,9,1,1,1,NULL,15000000,20500000),(185,'ESRC5185000',1,9,1,1,1,NULL,15000000,20500000),(186,'ESRC5186000',1,9,1,1,1,NULL,15000000,20500000),(187,'ESRC5187000',1,9,1,5,5,NULL,15000000,20500000),(188,'ESRC5188000',1,9,1,8,8,NULL,15000000,20500000),(189,'ESRC5189000',1,9,1,5,5,NULL,15000000,20500000),(190,'ESRC5190000',1,9,1,1,1,NULL,15000000,20500000),(191,'ESRC5191000',1,9,1,1,1,NULL,15000000,20500000),(192,'ESRC5192000',1,9,1,1,1,NULL,15000000,20500000),(193,'ESRC5193000',1,9,1,5,5,NULL,15000000,20500000),(194,'ESRC5194000',1,9,1,5,5,NULL,15000000,20500000),(195,'ESRC5195000',1,9,1,6,6,NULL,15000000,20500000),(196,'ESRC5196000',1,9,1,6,6,NULL,15000000,20500000),(197,'ESRC5197000',1,9,1,6,6,NULL,15000000,20500000),(198,'ESRC5198000',1,9,1,6,6,NULL,15000000,20500000),(199,'ESRC5199000',1,9,1,6,6,NULL,15000000,20500000),(200,'ESRC5200000',1,9,1,6,6,NULL,15000000,20500000),(201,'ESRC5201000',1,9,1,5,5,NULL,15000000,20500000),(202,'ESRC5202000',1,9,1,8,8,NULL,15000000,20500000),(203,'ESRC5203000',1,9,1,1,1,NULL,15000000,20500000),(204,'ESRC5204000',1,9,1,1,1,NULL,15000000,20500000),(205,'ESRC5205000',1,9,1,5,5,NULL,15000000,20500000),(206,'ESRC5206000',1,9,1,5,5,NULL,15000000,20500000),(207,'ESRC5207000',1,9,1,6,6,NULL,15000000,20500000),(208,'ESRC5208000',1,9,1,6,6,NULL,15000000,20500000),(209,'ESRC5209000',1,9,1,6,6,NULL,15000000,20500000),(210,'ESRC5210000',1,9,1,6,6,NULL,15000000,20500000),(211,'ESRC5211000',1,9,1,6,6,NULL,15000000,20500000),(212,'ESRC5212000',1,9,1,6,6,NULL,15000000,20500000),(213,'ESRC5213000',1,9,1,5,5,NULL,15000000,20500000),(214,'ESRC5214000',1,9,1,1,1,NULL,15000000,20500000),(215,'ESRC5215000',1,9,1,1,1,NULL,15000000,20500000),(216,'ESRC5216000',1,9,1,1,1,NULL,15000000,20500000),(217,'ESRC5217000',1,9,1,5,5,NULL,15000000,20500000),(218,'ESRC5218000',1,9,1,5,5,NULL,15000000,20500000),(219,'ESRC5219000',1,9,1,8,8,NULL,15000000,20500000),(220,'ESRC5220000',1,9,1,8,8,NULL,15000000,20500000),(221,'ESRC5221000',1,9,1,8,8,NULL,15000000,20500000),(222,'ESRC5222000',1,9,1,8,8,NULL,15000000,20500000),(223,'ESRC5223000',1,9,1,8,8,NULL,15000000,20500000),(224,'ESRC5224000',1,9,1,8,8,NULL,15000000,20500000),(225,'ESRC5225000',1,9,1,8,8,NULL,15000000,20500000),(226,'ESRC5226000',1,9,1,8,8,NULL,15000000,20500000),(227,'ESRC5227000',1,9,1,8,8,NULL,15000000,20500000),(228,'ESRC5228000',1,9,1,1,1,NULL,15000000,20500000),(229,'ESRC5229000',1,9,1,1,1,NULL,15000000,20500000),(230,'ESRC5230000',1,9,1,8,8,NULL,15000000,20500000),(231,'ESRC5231000',1,9,1,5,5,NULL,15000000,20500000),(232,'ESRC5232000',1,9,1,5,5,NULL,15000000,20500000),(233,'ESRC5233000',1,9,1,8,8,NULL,15000000,20500000),(234,'ESRC5234000',1,9,1,8,8,NULL,15000000,20500000),(235,'ESRC5235000',1,9,1,8,8,NULL,15000000,20500000),(236,'ESRC5236000',1,9,1,8,8,NULL,15000000,20500000),(237,'ESRC5237000',1,9,1,8,8,NULL,15000000,20500000),(238,'ESRC5238000',1,9,1,8,8,NULL,15000000,20500000),(239,'ESRC5239000',1,9,1,8,8,NULL,15000000,20500000),(240,'ESRC5240000',1,9,1,8,8,NULL,15000000,20500000),(241,'ESRC5241000',1,9,1,8,8,NULL,15000000,20500000),(242,'ESRE5001000',1,10,1,5,5,NULL,15000000,20500000),(243,'ESRE5002000',1,10,1,8,8,NULL,15000000,20500000),(244,'ESRE5003000',1,10,1,8,8,NULL,15000000,20500000),(245,'ESRE5004000',1,10,1,8,8,NULL,15000000,20500000),(246,'ESRE5005000',1,10,1,8,8,NULL,15000000,20500000),(247,'ESRE5006000',1,10,1,8,8,NULL,15000000,20500000),(248,'ESRE5007000',1,10,1,8,8,NULL,15000000,20500000),(249,'ESRE5008000',1,10,1,8,8,NULL,15000000,20500000),(250,'ESRE5009000',1,10,1,8,8,NULL,15000000,20500000),(251,'ESRE5010000',1,10,1,8,8,NULL,15000000,20500000),(252,'ESRE5011000',1,10,1,8,8,NULL,15000000,20500000),(253,'ESRE5012000',1,10,1,6,6,18,15000000,20500000),(254,'ESRE5013000',1,10,1,6,6,18,15000000,20500000),(255,'ESRE5014000',1,10,1,1,1,18,15000000,20500000),(256,'ESRE5015000',1,10,1,1,1,18,15000000,20500000),(257,'ESRE5016000',1,10,1,1,1,18,15000000,20500000),(258,'ESRE5017000',1,10,1,1,1,18,15000000,20500000),(259,'ESRE5018000',1,10,1,1,1,18,15000000,20500000),(260,'ESRE5019000',1,10,1,5,5,NULL,15000000,20500000),(261,'ESRE5020000',1,10,1,5,5,NULL,15000000,20500000),(262,'ESRE5021000',1,10,1,5,5,NULL,15000000,20500000),(263,'ESRE5022000',1,10,1,1,1,NULL,15000000,20500000),(264,'ESRE5023000',1,10,1,8,8,NULL,15000000,20500000),(265,'ESRE5024000',1,10,1,8,8,NULL,15000000,20500000),(266,'ESRE5025000',1,10,1,8,8,NULL,15000000,20500000),(267,'ESRE5026000',1,10,1,6,6,18,15000000,20500000),(268,'ESRE5027000',1,10,1,1,1,18,15000000,20500000),(269,'ESRE5028000',1,10,1,6,6,18,15000000,20500000),(270,'ESRE5029000',1,10,1,6,6,18,15000000,20500000),(271,'ESRE5030000',1,10,1,6,6,18,15000000,20500000),(272,'ESRE5031000',1,10,1,1,1,18,15000000,20500000),(273,'ESRE5032000',1,10,1,1,1,18,15000000,20500000),(274,'ESRE5033000',1,10,1,5,5,NULL,15000000,20500000),(275,'ESRE5034000',1,10,1,5,5,NULL,15000000,20500000),(276,'ESRE5035000',1,10,1,5,5,NULL,15000000,20500000),(277,'ESRE5036000',1,10,1,1,1,NULL,15000000,20500000),(278,'ESRE5037000',1,10,1,1,1,NULL,15000000,20500000),(279,'ESRE5038000',1,10,1,1,1,NULL,15000000,20500000),(280,'ESRE5039000',1,10,1,8,8,NULL,15000000,20500000),(281,'ESRE5040000',1,10,1,1,1,12,15000000,20500000),(282,'ESRE5041000',1,10,1,1,1,12,15000000,20500000),(283,'ESRE5042000',1,10,1,1,1,12,15000000,20500000),(284,'ESRE5043000',1,10,1,1,1,12,15000000,20500000),(285,'ESRE5044000',1,10,1,1,1,12,15000000,20500000),(286,'ESRE5045000',1,10,1,1,1,12,15000000,20500000),(287,'ESRE5046000',1,10,1,1,1,12,15000000,20500000),(288,'ESRE5047000',1,10,1,1,1,12,15000000,20500000),(289,'ESRE5048000',1,10,1,1,1,12,15000000,20500000),(290,'ESRE5049000',1,10,1,1,1,12,15000000,20500000),(291,'ESRE5050000',1,10,1,1,1,12,15000000,20500000),(292,'ESRE5051000',1,10,1,6,6,12,15000000,20500000),(293,'ESRE5052000',1,10,1,6,6,12,15000000,20500000),(294,'ESRE5053000',1,10,1,6,6,12,15000000,20500000),(295,'ESRE5054000',1,10,1,1,1,15,15000000,20500000),(296,'ESRE5055000',1,10,1,1,1,15,15000000,20500000),(297,'ESRE5056000',1,10,1,1,1,15,15000000,20500000),(298,'ESRE5057000',1,10,1,1,1,15,15000000,20500000),(299,'ESRE5058000',1,10,1,1,1,15,15000000,20500000),(300,'ESRE5059000',1,10,1,1,1,15,15000000,20500000),(301,'ESRE5060000',1,10,1,1,1,15,15000000,20500000),(302,'ESRE5061000',1,10,1,1,1,15,15000000,20500000),(303,'ESRE5062000',1,10,1,1,1,15,15000000,20500000),(304,'ESRE5063000',1,10,1,1,1,15,15000000,20500000),(305,'ESRE5064000',1,10,1,1,1,15,15000000,20500000),(306,'ESRE5065000',1,10,1,5,5,NULL,15000000,20500000),(307,'ESRE5066000',1,10,1,5,5,NULL,15000000,20500000),(308,'ESRE5067000',1,10,1,5,5,NULL,15000000,20500000),(309,'ESRE5068000',1,10,1,1,1,15,15000000,20500000),(310,'ESRE5069000',1,10,1,1,1,15,15000000,20500000),(311,'ESRE5070000',1,10,1,1,1,15,15000000,20500000),(312,'ESRE5071000',1,10,1,1,1,15,15000000,20500000),(313,'ESRE5072000',1,10,1,1,1,15,15000000,20500000),(314,'ESRE5073000',1,10,1,1,1,15,15000000,20500000),(315,'ESRE5074000',1,10,1,1,1,15,15000000,20500000),(316,'ESRE5075000',1,10,1,1,1,15,15000000,20500000),(317,'ESRE5076000',1,10,1,1,1,15,15000000,20500000),(318,'ESRE5077000',1,10,1,1,1,15,15000000,20500000),(319,'ESRE5078000',1,10,1,1,1,15,15000000,20500000),(320,'ESRE5079000',1,10,1,5,5,NULL,15000000,20500000),(321,'ESRE5080000',1,10,1,5,5,NULL,15000000,20500000),(322,'ESRE5081000',1,10,1,5,5,NULL,15000000,20500000),(323,'ESRE5082000',1,10,1,6,6,20,15000000,20500000),(324,'ESRE5083000',1,10,1,1,1,20,15000000,20500000),(325,'ESRE5084000',1,10,1,6,6,20,15000000,20500000),(326,'ESRE5085000',1,10,1,1,1,20,15000000,20500000),(327,'ESRE5086000',1,10,1,6,6,20,15000000,20500000),(328,'ESRE5087000',1,10,1,5,5,NULL,15000000,20500000),(329,'ESRE5088000',1,10,1,5,5,NULL,15000000,20500000),(330,'ESRE5089000',1,10,1,5,5,NULL,15000000,20500000),(331,'ESRE5090000',1,10,1,5,5,NULL,15000000,20500000),(332,'ESRE5091000',1,10,1,1,1,24,15000000,20500000),(333,'ESRE5092000',1,10,1,1,1,24,15000000,20500000),(334,'ESRE5093000',1,10,1,1,1,24,15000000,20500000),(335,'ESRE5094000',1,10,1,5,5,NULL,15000000,20500000),(336,'ESRE5095000',1,10,1,5,5,NULL,15000000,20500000),(337,'ESRE5096000',1,10,1,1,1,7,15000000,20500000),(338,'ESRE5097000',1,10,1,1,1,7,15000000,20500000),(339,'ESRE5098000',1,10,1,5,5,NULL,15000000,20500000),(340,'ESRE5099000',1,10,1,5,5,NULL,15000000,20500000),(341,'ESRE5100000',1,10,1,4,4,10,15000000,20500000),(342,'ESRE5101000',1,10,1,4,4,10,15000000,20500000),(343,'ESRE5102000',1,10,1,1,1,10,15000000,20500000),(344,'ESRE5103000',1,10,1,1,1,10,15000000,20500000),(345,'ESRE5104000',1,10,1,1,1,10,15000000,20500000),(346,'ESRE5105000',1,10,1,1,1,10,15000000,20500000),(347,'ESRE5106000',1,10,1,4,4,10,15000000,20500000),(348,'ESRE5107000',1,10,1,1,1,25,15000000,20500000),(349,'ESRE5108000',1,10,1,1,1,14,15000000,20500000),(350,'ESRE5109000',1,10,1,1,1,26,15000000,20500000),(351,'ESRE5110000',1,10,1,1,1,7,15000000,20500000),(352,'ESRE5111000',1,10,1,1,1,7,15000000,20500000),(353,'ESRE5112000',1,10,1,5,5,NULL,15000000,20500000),(354,'ESRE5113000',1,10,1,5,5,NULL,15000000,20500000),(355,'ESRE5114000',1,10,1,4,4,10,15000000,20500000),(356,'ESRE5115000',1,10,1,4,4,10,15000000,20500000),(357,'ESRE5116000',1,10,1,1,1,10,15000000,20500000),(358,'ESRE5117000',1,10,1,1,1,10,15000000,20500000),(359,'ESRE5118000',1,10,1,1,1,10,15000000,20500000),(360,'ESRE5119000',1,10,1,4,4,10,15000000,20500000),(361,'ESRE5120000',1,10,1,4,4,10,15000000,20500000),(362,'ESRE5121000',1,10,1,4,4,10,15000000,20500000),(363,'ESRE5122000',1,10,1,4,4,10,15000000,20500000),(364,'ESRE5123000',1,10,1,4,4,10,15000000,20500000),(365,'ESRE5124000',1,10,1,5,5,NULL,15000000,20500000),(366,'ESRE5125000',1,10,1,5,5,NULL,15000000,20500000),(367,'ESRE5126000',1,10,1,5,5,NULL,15000000,20500000),(368,'ESRE5127000',1,10,1,1,1,23,15000000,20500000),(369,'ESRE5128000',1,10,1,1,1,23,15000000,20500000),(370,'ESRE5129000',1,10,1,1,1,23,15000000,20500000),(371,'ESRE5130000',1,10,1,5,5,NULL,15000000,20500000),(372,'ESRE5131000',1,10,1,5,5,NULL,15000000,20500000),(373,'ESRE5132000',1,10,1,6,6,23,15000000,20500000),(374,'ESRE5133000',1,10,1,1,1,23,15000000,20500000),(375,'ESRE5134000',1,10,1,1,1,23,15000000,20500000),(376,'ESRE5135000',1,10,1,5,5,NULL,15000000,20500000),(377,'ESRE5136000',1,10,1,5,5,NULL,15000000,20500000),(378,'ESRE5137000',1,10,1,5,5,NULL,15000000,20500000),(379,'ESRE5138000',1,10,1,5,5,NULL,15000000,20500000),(380,'ESRE5139000',1,10,1,5,5,NULL,15000000,20500000),(381,'ESRE5140000',1,10,1,5,5,NULL,15000000,20500000),(382,'ESRE5141000',1,10,1,5,5,NULL,15000000,20500000),(383,'ESRE5142000',1,10,1,1,1,11,15000000,20500000),(384,'ESRE5143000',1,10,1,1,1,11,15000000,20500000),(385,'ESRE5144000',1,10,1,1,1,11,15000000,20500000),(386,'ESRE5145000',1,10,1,1,1,11,15000000,20500000),(387,'ESRE5146000',1,10,1,1,1,11,15000000,20500000),(388,'ESRE5147000',1,10,1,1,1,11,15000000,20500000),(389,'ESRE5148000',1,10,1,1,1,11,15000000,20500000),(390,'ESRE5149000',1,10,1,1,1,11,15000000,20500000),(391,'ESRE5150000',1,10,1,1,1,11,15000000,20500000),(392,'ESRE5151000',1,10,1,5,5,NULL,15000000,20500000),(393,'ESRE5152000',1,10,1,5,5,NULL,15000000,20500000),(394,'ESRE5153000',1,10,1,5,5,NULL,15000000,20500000),(395,'ESRE5154000',1,10,1,5,5,NULL,15000000,20500000),(396,'ESRE5155000',1,10,1,6,6,13,15000000,20500000),(397,'ESRE5156000',1,10,1,1,1,13,15000000,20500000),(398,'ESRE5157000',1,10,1,5,5,NULL,15000000,20500000),(399,'ESRE5158000',1,10,1,5,5,NULL,15000000,20500000),(400,'ESRE5159000',1,10,1,5,5,NULL,15000000,20500000),(401,'ESRE5160000',1,10,1,1,1,6,15000000,20500000),(402,'ESRE5161000',1,10,1,1,1,6,15000000,20500000),(403,'ESRE5162000',1,10,1,1,1,6,15000000,20500000),(404,'ESRE5163000',1,10,1,1,1,6,15000000,20500000),(405,'ESRE5164000',1,10,1,1,1,6,15000000,20500000),(406,'ESRE5165000',1,10,1,1,1,6,15000000,20500000),(407,'ESRE5166000',1,10,1,5,5,NULL,15000000,20500000),(408,'ESRE5167000',1,10,1,5,5,NULL,15000000,20500000),(409,'ESRE5168000',1,10,1,5,5,NULL,15000000,20500000),(410,'ESRE5169000',1,10,1,1,1,13,15000000,20500000),(411,'ESRE5170000',1,10,1,1,1,13,15000000,20500000),(412,'ESRE5171000',1,10,1,5,5,NULL,15000000,20500000),(413,'ESRE5172000',1,10,1,5,5,NULL,15000000,20500000),(414,'ESRE5173000',1,10,1,5,5,NULL,15000000,20500000),(415,'ESRE5174000',1,10,1,1,1,6,15000000,20500000),(416,'ESRE5175000',1,10,1,1,1,6,15000000,20500000),(417,'ESRE5176000',1,10,1,1,1,6,15000000,20500000),(418,'ESRE5177000',1,10,1,1,1,6,15000000,20500000),(419,'ESRE5178000',1,10,1,1,1,6,15000000,20500000),(420,'ESRE5179000',1,10,1,1,1,6,15000000,20500000),(421,'ESRE5180000',1,10,1,5,5,NULL,15000000,20500000),(422,'ESRE5181000',1,10,1,5,5,NULL,15000000,20500000),(423,'ESRE5182000',1,10,1,1,1,22,15000000,20500000),(424,'ESRE5183000',1,10,1,1,1,22,15000000,20500000),(425,'ESRE5184000',1,10,1,1,1,19,15000000,20500000),(426,'ESRE5185000',1,10,1,1,1,16,15000000,20500000),(427,'ESRE5186000',1,10,1,5,5,NULL,15000000,20500000),(428,'ESRE5187000',1,10,1,5,5,NULL,15000000,20500000),(429,'ESRE5188000',1,10,1,5,5,NULL,15000000,20500000),(430,'ESRE5189000',1,10,1,1,1,6,15000000,20500000),(431,'ESRE5190000',1,10,1,1,1,6,15000000,20500000),(432,'ESRE5191000',1,10,1,1,1,6,15000000,20500000),(433,'ESRE5192000',1,10,1,1,1,6,15000000,20500000),(434,'ESRE5193000',1,10,1,1,1,6,15000000,20500000),(435,'ESRE5194000',1,10,1,1,1,6,15000000,20500000),(436,'ESRE5195000',1,10,1,5,5,NULL,15000000,20500000),(437,'ESRE5196000',1,10,1,5,5,NULL,15000000,20500000),(438,'ESRE5197000',1,10,1,1,1,8,15000000,20500000),(439,'ESRE5198000',1,10,1,1,1,9,15000000,20500000),(440,'ESRE5199000',1,10,1,1,1,9,15000000,20500000),(441,'ESRE5200000',1,10,1,1,1,21,15000000,20500000),(442,'ESRE5201000',1,10,1,5,5,NULL,15000000,20500000),(443,'ESRE5202000',1,10,1,5,5,NULL,15000000,20500000),(444,'ESRE5203000',1,10,1,5,5,NULL,15000000,20500000),(445,'ESRE5204000',1,10,1,1,1,6,15000000,20500000),(446,'ESRE5205000',1,10,1,1,1,6,15000000,20500000),(447,'ESRE5206000',1,10,1,1,1,6,15000000,20500000),(448,'ESRE5207000',1,10,1,1,1,6,15000000,20500000),(449,'ESRE5208000',1,10,1,1,1,6,15000000,20500000),(450,'ESRE5209000',1,10,1,1,1,6,15000000,20500000),(451,'ESRE5210000',1,10,1,5,5,NULL,15000000,20500000),(452,'ESRE5211000',1,10,1,6,6,17,15000000,20500000),(453,'ESRE5212000',1,10,1,6,6,17,15000000,20500000),(454,'ESRE5213000',1,10,1,6,6,17,15000000,20500000),(455,'ESRE5214000',1,10,1,6,6,17,15000000,20500000),(456,'ESRE5215000',1,10,1,6,6,17,15000000,20500000),(457,'ESRE5216000',1,10,1,6,6,17,15000000,20500000),(458,'ESRE5217000',1,10,1,6,6,17,15000000,20500000),(459,'ESRE5218000',1,10,1,6,6,17,15000000,20500000),(460,'ESRE5219000',1,10,1,6,6,17,15000000,20500000),(461,'ESRE5220000',1,10,1,6,6,17,15000000,20500000),(462,'ESRE5221000',1,10,1,6,6,17,15000000,20500000),(463,'ESRE5222000',1,10,1,5,5,NULL,15000000,20500000),(464,'ESRE5223000',1,10,1,5,5,NULL,15000000,20500000),(465,'ESRE5224000',1,10,1,5,5,NULL,15000000,20500000),(466,'ESRE5225000',1,10,1,5,5,NULL,15000000,20500000),(467,'ESRE5226000',1,10,1,6,6,17,15000000,20500000),(468,'ESRE5227000',1,10,1,6,6,17,15000000,20500000),(469,'ESRE5228000',1,10,1,6,6,17,15000000,20500000),(470,'ESRE5229000',1,10,1,6,6,17,15000000,20500000),(471,'ESRE5230000',1,10,1,6,6,17,15000000,20500000),(472,'ESRE5231000',1,10,1,6,6,17,15000000,20500000),(473,'ESRE5232000',1,10,1,6,6,17,15000000,20500000),(474,'ESRE5233000',1,10,1,1,1,17,15000000,20500000),(475,'ESRE5234000',1,10,1,1,1,17,15000000,20500000),(476,'ESRE5235000',1,10,1,1,1,17,15000000,20500000),(477,'ESRE5236000',1,10,1,1,1,17,15000000,20500000),(478,'ESRE5237000',1,10,1,5,5,NULL,15000000,20500000),(479,'ESRE5238000',1,10,1,5,5,NULL,15000000,20500000),(480,'ESRE5239000',1,10,1,5,5,NULL,15000000,20500000),(481,'ESRE5240000',1,10,1,5,5,NULL,15000000,20500000),(482,'ESRE5241000',1,10,1,5,5,NULL,15000000,20500000),(483,'ESRE5242000',1,10,1,1,1,17,15000000,20500000),(484,'ESRE5243000',1,10,1,1,1,17,15000000,20500000),(485,'ESRE5244000',1,10,1,1,1,17,15000000,20500000),(486,'ESRE5245000',1,10,1,1,1,17,15000000,20500000),(487,'ESRE5246000',1,10,1,1,1,17,15000000,20500000),(488,'ESRE5247000',1,10,1,1,1,17,15000000,20500000),(489,'ESRE5248000',1,10,1,1,1,17,15000000,20500000),(490,'ESRE5249000',1,10,1,1,1,17,15000000,20500000),(491,'ESRE5250000',1,10,1,5,5,NULL,15000000,20500000),(492,'ESRE5251000',1,10,1,5,5,NULL,15000000,20500000),(493,'ESRE5252000',1,10,1,5,5,NULL,15000000,20500000),(494,'ESRE5253000',1,10,1,1,1,17,15000000,20500000),(495,'ESRE5254000',1,10,1,1,1,17,15000000,20500000),(496,'ESRE5255000',1,10,1,1,1,17,15000000,20500000),(497,'ESRE5256000',1,10,1,1,1,17,15000000,20500000),(498,'ESRE5257000',1,10,1,1,1,17,15000000,20500000),(499,'ESRE5258000',1,10,1,1,1,17,15000000,20500000),(500,'ESRE5259000',1,10,1,1,1,17,15000000,20500000),(501,'ESRE5260000',1,10,1,1,1,17,15000000,20500000),(502,'ESRE5261000',1,10,1,1,1,17,15000000,20500000),(503,'ESRE5262000',1,10,1,1,1,17,15000000,20500000),(504,'ESRE5263000',1,10,1,1,1,17,15000000,20500000),(505,'ESRE5264000',1,10,1,5,5,NULL,15000000,20500000),(506,'ESRE5265000',1,10,1,5,5,NULL,15000000,20500000),(507,'ESRE5266000',1,10,1,5,5,NULL,15000000,20500000),(508,'ESRE5267000',1,10,1,5,5,NULL,15000000,20500000),(509,'ESRE5268000',1,10,1,1,1,17,15000000,20500000),(510,'ESRE5269000',1,10,1,1,1,17,15000000,20500000),(511,'ESRE5270000',1,10,1,1,1,17,15000000,20500000),(512,'ESRE5271000',1,10,1,1,1,17,15000000,20500000),(513,'ESRE5272000',1,10,1,1,1,17,15000000,20500000),(514,'ESRE5273000',1,10,1,1,1,17,15000000,20500000),(515,'ESRE5274000',1,10,1,1,1,17,15000000,20500000),(516,'ESRE5275000',1,10,1,1,1,17,15000000,20500000),(517,'ESRE5276000',1,10,1,1,1,17,15000000,20500000),(518,'ESRE5277000',1,10,1,1,1,17,15000000,20500000),(519,'ESRE5278000',1,10,1,1,1,17,15000000,20500000),(520,'ESRE5279000',1,10,1,5,5,NULL,15000000,20500000),(521,'ESRE5280000',1,10,1,5,5,NULL,15000000,20500000),(522,'ESRE5281000',1,10,1,5,5,NULL,15000000,20500000),(523,'ESRE5282000',1,10,1,5,5,NULL,15000000,20500000),(524,'ESRE5283000',1,10,1,5,5,NULL,15000000,20500000),(525,'ESRE5284000',1,10,1,1,1,17,15000000,20500000),(526,'ESRE5285000',1,10,1,1,1,17,15000000,20500000),(527,'ESRE5286000',1,10,1,1,1,17,15000000,20500000),(528,'ESRE5287000',1,10,1,1,1,17,15000000,20500000),(529,'ESRE5288000',1,10,1,1,1,17,15000000,20500000),(530,'ESRE5289000',1,10,1,1,1,17,15000000,20500000),(531,'ESRE5290000',1,10,1,1,1,17,15000000,20500000),(532,'ESRE5291000',1,10,1,1,1,17,15000000,20500000),(533,'ESRE5292000',1,10,1,1,1,17,15000000,20500000),(534,'ESRE5293000',1,10,1,5,5,NULL,15000000,20500000),(535,'ESRE5294000',1,10,1,5,5,NULL,15000000,20500000),(536,'ESRE5295000',1,10,1,5,5,NULL,15000000,20500000),(537,'ESRE5296000',1,10,1,5,5,NULL,15000000,20500000),(538,'ESRE5297000',1,10,1,5,5,NULL,15000000,20500000);
/*!40000 ALTER TABLE `p_rack_ori` ENABLE KEYS */;
UNLOCK TABLES;

--
-- Table structure for table `p_rackspec`
--

DROP TABLE IF EXISTS `p_rackspec`;
/*!40101 SET @saved_cs_client     = @@character_set_client */;
/*!40101 SET character_set_client = utf8 */;
CREATE TABLE `p_rackspec` (
  `id_rackspec` int(11) NOT NULL AUTO_INCREMENT,
  `id_rack` int(11) NOT NULL,
  `spec_detail` text NOT NULL,
  PRIMARY KEY (`id_rackspec`),
  KEY `id_rack` (`id_rack`),
  CONSTRAINT `p_rackspec_ibfk_1` FOREIGN KEY (`id_rack`) REFERENCES `p_rack` (`id_rack`) ON DELETE CASCADE ON UPDATE CASCADE
) ENGINE=InnoDB AUTO_INCREMENT=539 DEFAULT CHARSET=latin1;
/*!40101 SET character_set_client = @saved_cs_client */;

--
-- Dumping data for table `p_rackspec`
--

LOCK TABLES `p_rackspec` WRITE;
/*!40000 ALTER TABLE `p_rackspec` DISABLE KEYS */;
INSERT INTO `p_rackspec` VALUES (1,1,'Closed Rack 42U , (3.5 kVA), 2N , Dual Source (Total 3.5 kVA Supply)'),(2,2,'Closed Rack 42U , (3.5 kVA), 2N , Dual Source (Total 3.5 kVA Supply)'),(3,3,'Closed Rack 42U , (3.5 kVA), 2N , Dual Source (Total 3.5 kVA Supply)'),(4,4,'Closed Rack 42U , (3.5 kVA), 2N , Dual Source (Total 3.5 kVA Supply)'),(5,5,'Closed Rack 42U , (3.5 kVA), 2N , Dual Source (Total 3.5 kVA Supply)'),(6,6,'Closed Rack 42U , (3.5 kVA), 2N , Dual Source (Total 3.5 kVA Supply)'),(7,7,'Closed Rack 42U , (3.5 kVA), 2N , Dual Source (Total 3.5 kVA Supply)'),(8,8,'Closed Rack 42U , (3.5 kVA), 2N , Dual Source (Total 3.5 kVA Supply)'),(9,9,'Closed Rack 42U , (3.5 kVA), 2N , Dual Source (Total 3.5 kVA Supply)'),(10,10,'Closed Rack 42U , (3.5 kVA), 2N , Dual Source (Total 3.5 kVA Supply)'),(11,11,'Closed Rack 42U , (3.5 kVA), 2N , Dual Source (Total 3.5 kVA Supply)'),(12,12,'Closed Rack 42U , (3.5 kVA), 2N , Dual Source (Total 3.5 kVA Supply)'),(13,13,'Closed Rack 42U , (3.5 kVA), 2N , Dual Source (Total 3.5 kVA Supply)'),(14,14,'Closed Rack 42U , (3.5 kVA), 2N , Dual Source (Total 3.5 kVA Supply)'),(15,15,'Closed Rack 42U , (3.5 kVA), 2N , Dual Source (Total 3.5 kVA Supply)'),(16,16,'Closed Rack 42U , (3.5 kVA), 2N , Dual Source (Total 3.5 kVA Supply)'),(17,17,'Closed Rack 42U , (3.5 kVA), 2N , Dual Source (Total 3.5 kVA Supply)'),(18,18,'Closed Rack 42U , (3.5 kVA), 2N , Dual Source (Total 3.5 kVA Supply)'),(19,19,'Closed Rack 42U , (3.5 kVA), 2N , Dual Source (Total 3.5 kVA Supply)'),(20,20,'Closed Rack 42U , (3.5 kVA), 2N , Dual Source (Total 3.5 kVA Supply)'),(21,21,'Closed Rack 42U , (3.5 kVA), 2N , Dual Source (Total 3.5 kVA Supply)'),(22,22,'Closed Rack 42U , (3.5 kVA), 2N , Dual Source (Total 3.5 kVA Supply)'),(23,23,'Closed Rack 42U , (3.5 kVA), 2N , Dual Source (Total 3.5 kVA Supply)'),(24,24,'Closed Rack 42U , (3.5 kVA), 2N , Dual Source (Total 3.5 kVA Supply)'),(25,25,'Closed Rack 42U , (3.5 kVA), 2N , Dual Source (Total 3.5 kVA Supply)'),(26,26,'Closed Rack 42U , (3.5 kVA), 2N , Dual Source (Total 3.5 kVA Supply)'),(27,27,'Closed Rack 42U , (3.5 kVA), 2N , Dual Source (Total 3.5 kVA Supply)'),(28,28,'Closed Rack 42U , (3.5 kVA), 2N , Dual Source (Total 3.5 kVA Supply)'),(29,29,'Closed Rack 42U , (3.5 kVA), 2N , Dual Source (Total 3.5 kVA Supply)'),(30,30,'Closed Rack 42U , (3.5 kVA), 2N , Dual Source (Total 3.5 kVA Supply)'),(31,31,'Closed Rack 42U , (3.5 kVA), 2N , Dual Source (Total 3.5 kVA Supply)'),(32,32,'Closed Rack 42U , (3.5 kVA), 2N , Dual Source (Total 3.5 kVA Supply)'),(33,33,'Closed Rack 42U , (3.5 kVA), 2N , Dual Source (Total 3.5 kVA Supply)'),(34,34,'Closed Rack 42U , (3.5 kVA), 2N , Dual Source (Total 3.5 kVA Supply)'),(35,35,'Closed Rack 42U , (3.5 kVA), 2N , Dual Source (Total 3.5 kVA Supply)'),(36,36,'Closed Rack 42U , (3.5 kVA), 2N , Dual Source (Total 3.5 kVA Supply)'),(37,37,'Closed Rack 42U , (3.5 kVA), 2N , Dual Source (Total 3.5 kVA Supply)'),(38,38,'Closed Rack 42U , (3.5 kVA), 2N , Dual Source (Total 3.5 kVA Supply)'),(39,39,'Closed Rack 42U , (3.5 kVA), 2N , Dual Source (Total 3.5 kVA Supply)'),(40,40,'Closed Rack 42U , (3.5 kVA), 2N , Dual Source (Total 3.5 kVA Supply)'),(41,41,'Closed Rack 42U , (3.5 kVA), 2N , Dual Source (Total 3.5 kVA Supply)'),(42,42,'Closed Rack 42U , (3.5 kVA), 2N , Dual Source (Total 3.5 kVA Supply)'),(43,43,'Closed Rack 42U , (3.5 kVA), 2N , Dual Source (Total 3.5 kVA Supply)'),(44,44,'Closed Rack 42U , (3.5 kVA), 2N , Dual Source (Total 3.5 kVA Supply)'),(45,45,'Closed Rack 42U , (3.5 kVA), 2N , Dual Source (Total 3.5 kVA Supply)'),(46,46,'Closed Rack 42U , (3.5 kVA), 2N , Dual Source (Total 3.5 kVA Supply)'),(47,47,'Closed Rack 42U , (3.5 kVA), 2N , Dual Source (Total 3.5 kVA Supply)'),(48,48,'Closed Rack 42U , (3.5 kVA), 2N , Dual Source (Total 3.5 kVA Supply)'),(49,49,'Closed Rack 42U , (3.5 kVA), 2N , Dual Source (Total 3.5 kVA Supply)'),(50,50,'Closed Rack 42U , (3.5 kVA), 2N , Dual Source (Total 3.5 kVA Supply)'),(51,51,'Closed Rack 42U , (3.5 kVA), 2N , Dual Source (Total 3.5 kVA Supply)'),(52,52,'Closed Rack 42U , (3.5 kVA), 2N , Dual Source (Total 3.5 kVA Supply)'),(53,53,'Closed Rack 42U , (3.5 kVA), 2N , Dual Source (Total 3.5 kVA Supply)'),(54,54,'Closed Rack 42U , (3.5 kVA), 2N , Dual Source (Total 3.5 kVA Supply)'),(55,55,'Closed Rack 42U , (3.5 kVA), 2N , Dual Source (Total 3.5 kVA Supply)'),(56,56,'Closed Rack 42U , (3.5 kVA), 2N , Dual Source (Total 3.5 kVA Supply)'),(57,57,'Closed Rack 42U , (3.5 kVA), 2N , Dual Source (Total 3.5 kVA Supply)'),(58,58,'Closed Rack 42U , (3.5 kVA), 2N , Dual Source (Total 3.5 kVA Supply)'),(59,59,'Closed Rack 42U , (3.5 kVA), 2N , Dual Source (Total 3.5 kVA Supply)'),(60,60,'Closed Rack 42U , (3.5 kVA), 2N , Dual Source (Total 3.5 kVA Supply)'),(61,61,'Closed Rack 42U , (3.5 kVA), 2N , Dual Source (Total 3.5 kVA Supply)'),(62,62,'Closed Rack 42U , (3.5 kVA), 2N , Dual Source (Total 3.5 kVA Supply)'),(63,63,'Closed Rack 42U , (3.5 kVA), 2N , Dual Source (Total 3.5 kVA Supply)'),(64,64,'Closed Rack 42U , (3.5 kVA), 2N , Dual Source (Total 3.5 kVA Supply)'),(65,65,'Closed Rack 42U , (3.5 kVA), 2N , Dual Source (Total 3.5 kVA Supply)'),(66,66,'Closed Rack 42U , (3.5 kVA), 2N , Dual Source (Total 3.5 kVA Supply)'),(67,67,'Closed Rack 42U , (3.5 kVA), 2N , Dual Source (Total 3.5 kVA Supply)'),(68,68,'Closed Rack 42U , (3.5 kVA), 2N , Dual Source (Total 3.5 kVA Supply)'),(69,69,'Closed Rack 42U , (3.5 kVA), 2N , Dual Source (Total 3.5 kVA Supply)'),(70,70,'Closed Rack 42U , (3.5 kVA), 2N , Dual Source (Total 3.5 kVA Supply)'),(71,71,'Closed Rack 42U , (3.5 kVA), 2N , Dual Source (Total 3.5 kVA Supply)'),(72,72,'Closed Rack 42U , (3.5 kVA), 2N , Dual Source (Total 3.5 kVA Supply)'),(73,73,'Closed Rack 42U , (3.5 kVA), 2N , Dual Source (Total 3.5 kVA Supply)'),(74,74,'Closed Rack 42U , (3.5 kVA), 2N , Dual Source (Total 3.5 kVA Supply)'),(75,75,'Closed Rack 42U , (3.5 kVA), 2N , Dual Source (Total 3.5 kVA Supply)'),(76,76,'Closed Rack 42U , (3.5 kVA), 2N , Dual Source (Total 3.5 kVA Supply)'),(77,77,'Closed Rack 42U , (3.5 kVA), 2N , Dual Source (Total 3.5 kVA Supply)'),(78,78,'Closed Rack 42U , (3.5 kVA), 2N , Dual Source (Total 3.5 kVA Supply)'),(79,79,'Closed Rack 42U , (3.5 kVA), 2N , Dual Source (Total 3.5 kVA Supply)'),(80,80,'Closed Rack 42U , (3.5 kVA), 2N , Dual Source (Total 3.5 kVA Supply)'),(81,81,'Closed Rack 42U , (3.5 kVA), 2N , Dual Source (Total 3.5 kVA Supply)'),(82,82,'Closed Rack 42U , (3.5 kVA), 2N , Dual Source (Total 3.5 kVA Supply)'),(83,83,'Closed Rack 42U , (3.5 kVA), 2N , Dual Source (Total 3.5 kVA Supply)'),(84,84,'Closed Rack 42U , (3.5 kVA), 2N , Dual Source (Total 3.5 kVA Supply)'),(85,85,'Closed Rack 42U , (3.5 kVA), 2N , Dual Source (Total 3.5 kVA Supply)'),(86,86,'Closed Rack 42U , (3.5 kVA), 2N , Dual Source (Total 3.5 kVA Supply)'),(87,87,'Closed Rack 42U , (3.5 kVA), 2N , Dual Source (Total 3.5 kVA Supply)'),(88,88,'Closed Rack 42U , (3.5 kVA), 2N , Dual Source (Total 3.5 kVA Supply)'),(89,89,'Closed Rack 42U , (3.5 kVA), 2N , Dual Source (Total 3.5 kVA Supply)'),(90,90,'Closed Rack 42U , (3.5 kVA), 2N , Dual Source (Total 3.5 kVA Supply)'),(91,91,'Closed Rack 42U , (3.5 kVA), 2N , Dual Source (Total 3.5 kVA Supply)'),(92,92,'Closed Rack 42U , (3.5 kVA), 2N , Dual Source (Total 3.5 kVA Supply)'),(93,93,'Closed Rack 42U , (3.5 kVA), 2N , Dual Source (Total 3.5 kVA Supply)'),(94,94,'Closed Rack 42U , (3.5 kVA), 2N , Dual Source (Total 3.5 kVA Supply)'),(95,95,'Closed Rack 42U , (3.5 kVA), 2N , Dual Source (Total 3.5 kVA Supply)'),(96,96,'Closed Rack 42U , (3.5 kVA), 2N , Dual Source (Total 3.5 kVA Supply)'),(97,97,'Closed Rack 42U , (3.5 kVA), 2N , Dual Source (Total 3.5 kVA Supply)'),(98,98,'Closed Rack 42U , (3.5 kVA), 2N , Dual Source (Total 3.5 kVA Supply)'),(99,99,'Closed Rack 42U , (3.5 kVA), 2N , Dual Source (Total 3.5 kVA Supply)'),(100,100,'Closed Rack 42U , (3.5 kVA), 2N , Dual Source (Total 3.5 kVA Supply)'),(101,101,'Closed Rack 42U , (3.5 kVA), 2N , Dual Source (Total 3.5 kVA Supply)'),(102,102,'Closed Rack 42U , (3.5 kVA), 2N , Dual Source (Total 3.5 kVA Supply)'),(103,103,'Closed Rack 42U , (3.5 kVA), 2N , Dual Source (Total 3.5 kVA Supply)'),(104,104,'Closed Rack 42U , (3.5 kVA), 2N , Dual Source (Total 3.5 kVA Supply)'),(105,105,'Closed Rack 42U , (3.5 kVA), 2N , Dual Source (Total 3.5 kVA Supply)'),(106,106,'Closed Rack 42U , (3.5 kVA), 2N , Dual Source (Total 3.5 kVA Supply)'),(107,107,'Closed Rack 42U , (3.5 kVA), 2N , Dual Source (Total 3.5 kVA Supply)'),(108,108,'Closed Rack 42U , (3.5 kVA), 2N , Dual Source (Total 3.5 kVA Supply)'),(109,109,'Closed Rack 42U , (3.5 kVA), 2N , Dual Source (Total 3.5 kVA Supply)'),(110,110,'Closed Rack 42U , (3.5 kVA), 2N , Dual Source (Total 3.5 kVA Supply)'),(111,111,'Closed Rack 42U , (3.5 kVA), 2N , Dual Source (Total 3.5 kVA Supply)'),(112,112,'Closed Rack 42U , (3.5 kVA), 2N , Dual Source (Total 3.5 kVA Supply)'),(113,113,'Closed Rack 42U , (3.5 kVA), 2N , Dual Source (Total 3.5 kVA Supply)'),(114,114,'Closed Rack 42U , (3.5 kVA), 2N , Dual Source (Total 3.5 kVA Supply)'),(115,115,'Closed Rack 42U , (3.5 kVA), 2N , Dual Source (Total 3.5 kVA Supply)'),(116,116,'Closed Rack 42U , (3.5 kVA), 2N , Dual Source (Total 3.5 kVA Supply)'),(117,117,'Closed Rack 42U , (3.5 kVA), 2N , Dual Source (Total 3.5 kVA Supply)'),(118,118,'Closed Rack 42U , (3.5 kVA), 2N , Dual Source (Total 3.5 kVA Supply)'),(119,119,'Closed Rack 42U , (3.5 kVA), 2N , Dual Source (Total 3.5 kVA Supply)'),(120,120,'Closed Rack 42U , (3.5 kVA), 2N , Dual Source (Total 3.5 kVA Supply)'),(121,121,'Closed Rack 42U , (3.5 kVA), 2N , Dual Source (Total 3.5 kVA Supply)'),(122,122,'Closed Rack 42U , (3.5 kVA), 2N , Dual Source (Total 3.5 kVA Supply)'),(123,123,'Closed Rack 42U , (3.5 kVA), 2N , Dual Source (Total 3.5 kVA Supply)'),(124,124,'Closed Rack 42U , (3.5 kVA), 2N , Dual Source (Total 3.5 kVA Supply)'),(125,125,'Closed Rack 42U , (3.5 kVA), 2N , Dual Source (Total 3.5 kVA Supply)'),(126,126,'Closed Rack 42U , (3.5 kVA), 2N , Dual Source (Total 3.5 kVA Supply)'),(127,127,'Closed Rack 42U , (3.5 kVA), 2N , Dual Source (Total 3.5 kVA Supply)'),(128,128,'Closed Rack 42U , (3.5 kVA), 2N , Dual Source (Total 3.5 kVA Supply)'),(129,129,'Closed Rack 42U , (3.5 kVA), 2N , Dual Source (Total 3.5 kVA Supply)'),(130,130,'Closed Rack 42U , (3.5 kVA), 2N , Dual Source (Total 3.5 kVA Supply)'),(131,131,'Closed Rack 42U , (3.5 kVA), 2N , Dual Source (Total 3.5 kVA Supply)'),(132,132,'Closed Rack 42U , (3.5 kVA), 2N , Dual Source (Total 3.5 kVA Supply)'),(133,133,'Closed Rack 42U , (3.5 kVA), 2N , Dual Source (Total 3.5 kVA Supply)'),(134,134,'Closed Rack 42U , (3.5 kVA), 2N , Dual Source (Total 3.5 kVA Supply)'),(135,135,'Closed Rack 42U , (3.5 kVA), 2N , Dual Source (Total 3.5 kVA Supply)'),(136,136,'Closed Rack 42U , (3.5 kVA), 2N , Dual Source (Total 3.5 kVA Supply)'),(137,137,'Closed Rack 42U , (3.5 kVA), 2N , Dual Source (Total 3.5 kVA Supply)'),(138,138,'Closed Rack 42U , (3.5 kVA), 2N , Dual Source (Total 3.5 kVA Supply)'),(139,139,'Closed Rack 42U , (3.5 kVA), 2N , Dual Source (Total 3.5 kVA Supply)'),(140,140,'Closed Rack 42U , (3.5 kVA), 2N , Dual Source (Total 3.5 kVA Supply)'),(141,141,'Closed Rack 42U , (3.5 kVA), 2N , Dual Source (Total 3.5 kVA Supply)'),(142,142,'Closed Rack 42U , (3.5 kVA), 2N , Dual Source (Total 3.5 kVA Supply)'),(143,143,'Closed Rack 42U , (3.5 kVA), 2N , Dual Source (Total 3.5 kVA Supply)'),(144,144,'Closed Rack 42U , (3.5 kVA), 2N , Dual Source (Total 3.5 kVA Supply)'),(145,145,'Closed Rack 42U , (3.5 kVA), 2N , Dual Source (Total 3.5 kVA Supply)'),(146,146,'Closed Rack 42U , (3.5 kVA), 2N , Dual Source (Total 3.5 kVA Supply)'),(147,147,'Closed Rack 42U , (3.5 kVA), 2N , Dual Source (Total 3.5 kVA Supply)'),(148,148,'Closed Rack 42U , (3.5 kVA), 2N , Dual Source (Total 3.5 kVA Supply)'),(149,149,'Closed Rack 42U , (3.5 kVA), 2N , Dual Source (Total 3.5 kVA Supply)'),(150,150,'Closed Rack 42U , (3.5 kVA), 2N , Dual Source (Total 3.5 kVA Supply)'),(151,151,'Closed Rack 42U , (3.5 kVA), 2N , Dual Source (Total 3.5 kVA Supply)'),(152,152,'Closed Rack 42U , (3.5 kVA), 2N , Dual Source (Total 3.5 kVA Supply)'),(153,153,'Closed Rack 42U , (3.5 kVA), 2N , Dual Source (Total 3.5 kVA Supply)'),(154,154,'Closed Rack 42U , (3.5 kVA), 2N , Dual Source (Total 3.5 kVA Supply)'),(155,155,'Closed Rack 42U , (3.5 kVA), 2N , Dual Source (Total 3.5 kVA Supply)'),(156,156,'Closed Rack 42U , (3.5 kVA), 2N , Dual Source (Total 3.5 kVA Supply)'),(157,157,'Closed Rack 42U , (3.5 kVA), 2N , Dual Source (Total 3.5 kVA Supply)'),(158,158,'Closed Rack 42U , (3.5 kVA), 2N , Dual Source (Total 3.5 kVA Supply)'),(159,159,'Closed Rack 42U , (3.5 kVA), 2N , Dual Source (Total 3.5 kVA Supply)'),(160,160,'Closed Rack 42U , (3.5 kVA), 2N , Dual Source (Total 3.5 kVA Supply)'),(161,161,'Closed Rack 42U , (3.5 kVA), 2N , Dual Source (Total 3.5 kVA Supply)'),(162,162,'Closed Rack 42U , (3.5 kVA), 2N , Dual Source (Total 3.5 kVA Supply)'),(163,163,'Closed Rack 42U , (3.5 kVA), 2N , Dual Source (Total 3.5 kVA Supply)'),(164,164,'Closed Rack 42U , (3.5 kVA), 2N , Dual Source (Total 3.5 kVA Supply)'),(165,165,'Closed Rack 42U , (3.5 kVA), 2N , Dual Source (Total 3.5 kVA Supply)'),(166,166,'Closed Rack 42U , (3.5 kVA), 2N , Dual Source (Total 3.5 kVA Supply)'),(167,167,'Closed Rack 42U , (3.5 kVA), 2N , Dual Source (Total 3.5 kVA Supply)'),(168,168,'Closed Rack 42U , (3.5 kVA), 2N , Dual Source (Total 3.5 kVA Supply)'),(169,169,'Closed Rack 42U , (3.5 kVA), 2N , Dual Source (Total 3.5 kVA Supply)'),(170,170,'Closed Rack 42U , (3.5 kVA), 2N , Dual Source (Total 3.5 kVA Supply)'),(171,171,'Closed Rack 42U , (3.5 kVA), 2N , Dual Source (Total 3.5 kVA Supply)'),(172,172,'Closed Rack 42U , (3.5 kVA), 2N , Dual Source (Total 3.5 kVA Supply)'),(173,173,'Closed Rack 42U , (3.5 kVA), 2N , Dual Source (Total 3.5 kVA Supply)'),(174,174,'Closed Rack 42U , (3.5 kVA), 2N , Dual Source (Total 3.5 kVA Supply)'),(175,175,'Closed Rack 42U , (3.5 kVA), 2N , Dual Source (Total 3.5 kVA Supply)'),(176,176,'Closed Rack 42U , (3.5 kVA), 2N , Dual Source (Total 3.5 kVA Supply)'),(177,177,'Closed Rack 42U , (3.5 kVA), 2N , Dual Source (Total 3.5 kVA Supply)'),(178,178,'Closed Rack 42U , (3.5 kVA), 2N , Dual Source (Total 3.5 kVA Supply)'),(179,179,'Closed Rack 42U , (3.5 kVA), 2N , Dual Source (Total 3.5 kVA Supply)'),(180,180,'Closed Rack 42U , (3.5 kVA), 2N , Dual Source (Total 3.5 kVA Supply)'),(181,181,'Closed Rack 42U , (3.5 kVA), 2N , Dual Source (Total 3.5 kVA Supply)'),(182,182,'Closed Rack 42U , (3.5 kVA), 2N , Dual Source (Total 3.5 kVA Supply)'),(183,183,'Closed Rack 42U , (3.5 kVA), 2N , Dual Source (Total 3.5 kVA Supply)'),(184,184,'Closed Rack 42U , (3.5 kVA), 2N , Dual Source (Total 3.5 kVA Supply)'),(185,185,'Closed Rack 42U , (3.5 kVA), 2N , Dual Source (Total 3.5 kVA Supply)'),(186,186,'Closed Rack 42U , (3.5 kVA), 2N , Dual Source (Total 3.5 kVA Supply)'),(187,187,'Closed Rack 42U , (3.5 kVA), 2N , Dual Source (Total 3.5 kVA Supply)'),(188,188,'Closed Rack 42U , (3.5 kVA), 2N , Dual Source (Total 3.5 kVA Supply)'),(189,189,'Closed Rack 42U , (3.5 kVA), 2N , Dual Source (Total 3.5 kVA Supply)'),(190,190,'Closed Rack 42U , (3.5 kVA), 2N , Dual Source (Total 3.5 kVA Supply)'),(191,191,'Closed Rack 42U , (3.5 kVA), 2N , Dual Source (Total 3.5 kVA Supply)'),(192,192,'Closed Rack 42U , (3.5 kVA), 2N , Dual Source (Total 3.5 kVA Supply)'),(193,193,'Closed Rack 42U , (3.5 kVA), 2N , Dual Source (Total 3.5 kVA Supply)'),(194,194,'Closed Rack 42U , (3.5 kVA), 2N , Dual Source (Total 3.5 kVA Supply)'),(195,195,'Closed Rack 42U , (3.5 kVA), 2N , Dual Source (Total 3.5 kVA Supply)'),(196,196,'Closed Rack 42U , (3.5 kVA), 2N , Dual Source (Total 3.5 kVA Supply)'),(197,197,'Closed Rack 42U , (3.5 kVA), 2N , Dual Source (Total 3.5 kVA Supply)'),(198,198,'Closed Rack 42U , (3.5 kVA), 2N , Dual Source (Total 3.5 kVA Supply)'),(199,199,'Closed Rack 42U , (3.5 kVA), 2N , Dual Source (Total 3.5 kVA Supply)'),(200,200,'Closed Rack 42U , (3.5 kVA), 2N , Dual Source (Total 3.5 kVA Supply)'),(201,201,'Closed Rack 42U , (3.5 kVA), 2N , Dual Source (Total 3.5 kVA Supply)'),(202,202,'Closed Rack 42U , (3.5 kVA), 2N , Dual Source (Total 3.5 kVA Supply)'),(203,203,'Closed Rack 42U , (3.5 kVA), 2N , Dual Source (Total 3.5 kVA Supply)'),(204,204,'Closed Rack 42U , (3.5 kVA), 2N , Dual Source (Total 3.5 kVA Supply)'),(205,205,'Closed Rack 42U , (3.5 kVA), 2N , Dual Source (Total 3.5 kVA Supply)'),(206,206,'Closed Rack 42U , (3.5 kVA), 2N , Dual Source (Total 3.5 kVA Supply)'),(207,207,'Closed Rack 42U , (3.5 kVA), 2N , Dual Source (Total 3.5 kVA Supply)'),(208,208,'Closed Rack 42U , (3.5 kVA), 2N , Dual Source (Total 3.5 kVA Supply)'),(209,209,'Closed Rack 42U , (3.5 kVA), 2N , Dual Source (Total 3.5 kVA Supply)'),(210,210,'Closed Rack 42U , (3.5 kVA), 2N , Dual Source (Total 3.5 kVA Supply)'),(211,211,'Closed Rack 42U , (3.5 kVA), 2N , Dual Source (Total 3.5 kVA Supply)'),(212,212,'Closed Rack 42U , (3.5 kVA), 2N , Dual Source (Total 3.5 kVA Supply)'),(213,213,'Closed Rack 42U , (3.5 kVA), 2N , Dual Source (Total 3.5 kVA Supply)'),(214,214,'Closed Rack 42U , (3.5 kVA), 2N , Dual Source (Total 3.5 kVA Supply)'),(215,215,'Closed Rack 42U , (3.5 kVA), 2N , Dual Source (Total 3.5 kVA Supply)'),(216,216,'Closed Rack 42U , (3.5 kVA), 2N , Dual Source (Total 3.5 kVA Supply)'),(217,217,'Closed Rack 42U , (3.5 kVA), 2N , Dual Source (Total 3.5 kVA Supply)'),(218,218,'Closed Rack 42U , (3.5 kVA), 2N , Dual Source (Total 3.5 kVA Supply)'),(219,219,'Closed Rack 42U , (3.5 kVA), 2N , Dual Source (Total 3.5 kVA Supply)'),(220,220,'Closed Rack 42U , (3.5 kVA), 2N , Dual Source (Total 3.5 kVA Supply)'),(221,221,'Closed Rack 42U , (3.5 kVA), 2N , Dual Source (Total 3.5 kVA Supply)'),(222,222,'Closed Rack 42U , (3.5 kVA), 2N , Dual Source (Total 3.5 kVA Supply)'),(223,223,'Closed Rack 42U , (3.5 kVA), 2N , Dual Source (Total 3.5 kVA Supply)'),(224,224,'Closed Rack 42U , (3.5 kVA), 2N , Dual Source (Total 3.5 kVA Supply)'),(225,225,'Closed Rack 42U , (3.5 kVA), 2N , Dual Source (Total 3.5 kVA Supply)'),(226,226,'Closed Rack 42U , (3.5 kVA), 2N , Dual Source (Total 3.5 kVA Supply)'),(227,227,'Closed Rack 42U , (3.5 kVA), 2N , Dual Source (Total 3.5 kVA Supply)'),(228,228,'Closed Rack 42U , (3.5 kVA), 2N , Dual Source (Total 3.5 kVA Supply)'),(229,229,'Closed Rack 42U , (3.5 kVA), 2N , Dual Source (Total 3.5 kVA Supply)'),(230,230,'Closed Rack 42U , (3.5 kVA), 2N , Dual Source (Total 3.5 kVA Supply)'),(231,231,'Closed Rack 42U , (3.5 kVA), 2N , Dual Source (Total 3.5 kVA Supply)'),(232,232,'Closed Rack 42U , (3.5 kVA), 2N , Dual Source (Total 3.5 kVA Supply)'),(233,233,'Closed Rack 42U , (3.5 kVA), 2N , Dual Source (Total 3.5 kVA Supply)'),(234,234,'Closed Rack 42U , (3.5 kVA), 2N , Dual Source (Total 3.5 kVA Supply)'),(235,235,'Closed Rack 42U , (3.5 kVA), 2N , Dual Source (Total 3.5 kVA Supply)'),(236,236,'Closed Rack 42U , (3.5 kVA), 2N , Dual Source (Total 3.5 kVA Supply)'),(237,237,'Closed Rack 42U , (3.5 kVA), 2N , Dual Source (Total 3.5 kVA Supply)'),(238,238,'Closed Rack 42U , (3.5 kVA), 2N , Dual Source (Total 3.5 kVA Supply)'),(239,239,'Closed Rack 42U , (3.5 kVA), 2N , Dual Source (Total 3.5 kVA Supply)'),(240,240,'Closed Rack 42U , (3.5 kVA), 2N , Dual Source (Total 3.5 kVA Supply)'),(241,241,'Closed Rack 42U , (3.5 kVA), 2N , Dual Source (Total 3.5 kVA Supply)'),(242,242,'Closed Rack 42U , (3.5 kVA), 2N , Dual Source (Total 3.5 kVA Supply)'),(243,243,'Closed Rack 42U , (3.5 kVA), 2N , Dual Source (Total 3.5 kVA Supply)'),(244,244,'Closed Rack 42U , (3.5 kVA), 2N , Dual Source (Total 3.5 kVA Supply)'),(245,245,'Closed Rack 42U , (3.5 kVA), 2N , Dual Source (Total 3.5 kVA Supply)'),(246,246,'Closed Rack 42U , (3.5 kVA), 2N , Dual Source (Total 3.5 kVA Supply)'),(247,247,'Closed Rack 42U , (3.5 kVA), 2N , Dual Source (Total 3.5 kVA Supply)'),(248,248,'Closed Rack 42U , (3.5 kVA), 2N , Dual Source (Total 3.5 kVA Supply)'),(249,249,'Closed Rack 42U , (3.5 kVA), 2N , Dual Source (Total 3.5 kVA Supply)'),(250,250,'Closed Rack 42U , (3.5 kVA), 2N , Dual Source (Total 3.5 kVA Supply)'),(251,251,'Closed Rack 42U , (3.5 kVA), 2N , Dual Source (Total 3.5 kVA Supply)'),(252,252,'Closed Rack 42U , (3.5 kVA), 2N , Dual Source (Total 3.5 kVA Supply)'),(253,253,'Closed Rack 42U , (3.5 kVA), 2N , Dual Source (Total 3.5 kVA Supply)'),(254,254,'Closed Rack 42U , (3.5 kVA), 2N , Dual Source (Total 3.5 kVA Supply)'),(255,255,'Closed Rack 42U , (3.5 kVA), 2N , Dual Source (Total 3.5 kVA Supply)'),(256,256,'Closed Rack 42U , (3.5 kVA), 2N , Dual Source (Total 3.5 kVA Supply)'),(257,257,'Closed Rack 42U , (3.5 kVA), 2N , Dual Source (Total 3.5 kVA Supply)'),(258,258,'Closed Rack 42U , (3.5 kVA), 2N , Dual Source (Total 3.5 kVA Supply)'),(259,259,'Closed Rack 42U , (3.5 kVA), 2N , Dual Source (Total 3.5 kVA Supply)'),(260,260,'Closed Rack 42U , (3.5 kVA), 2N , Dual Source (Total 3.5 kVA Supply)'),(261,261,'Closed Rack 42U , (3.5 kVA), 2N , Dual Source (Total 3.5 kVA Supply)'),(262,262,'Closed Rack 42U , (3.5 kVA), 2N , Dual Source (Total 3.5 kVA Supply)'),(263,263,'Closed Rack 42U , (3.5 kVA), 2N , Dual Source (Total 3.5 kVA Supply)'),(264,264,'Closed Rack 42U , (3.5 kVA), 2N , Dual Source (Total 3.5 kVA Supply)'),(265,265,'Closed Rack 42U , (3.5 kVA), 2N , Dual Source (Total 3.5 kVA Supply)'),(266,266,'Closed Rack 42U , (3.5 kVA), 2N , Dual Source (Total 3.5 kVA Supply)'),(267,267,'Closed Rack 42U , (3.5 kVA), 2N , Dual Source (Total 3.5 kVA Supply)'),(268,268,'Closed Rack 42U , (3.5 kVA), 2N , Dual Source (Total 3.5 kVA Supply)'),(269,269,'Closed Rack 42U , (3.5 kVA), 2N , Dual Source (Total 3.5 kVA Supply)'),(270,270,'Closed Rack 42U , (3.5 kVA), 2N , Dual Source (Total 3.5 kVA Supply)'),(271,271,'Closed Rack 42U , (3.5 kVA), 2N , Dual Source (Total 3.5 kVA Supply)'),(272,272,'Closed Rack 42U , (3.5 kVA), 2N , Dual Source (Total 3.5 kVA Supply)'),(273,273,'Closed Rack 42U , (3.5 kVA), 2N , Dual Source (Total 3.5 kVA Supply)'),(274,274,'Closed Rack 42U , (3.5 kVA), 2N , Dual Source (Total 3.5 kVA Supply)'),(275,275,'Closed Rack 42U , (3.5 kVA), 2N , Dual Source (Total 3.5 kVA Supply)'),(276,276,'Closed Rack 42U , (3.5 kVA), 2N , Dual Source (Total 3.5 kVA Supply)'),(277,277,'Closed Rack 42U , (3.5 kVA), 2N , Dual Source (Total 3.5 kVA Supply)'),(278,278,'Closed Rack 42U , (3.5 kVA), 2N , Dual Source (Total 3.5 kVA Supply)'),(279,279,'Closed Rack 42U , (3.5 kVA), 2N , Dual Source (Total 3.5 kVA Supply)'),(280,280,'Closed Rack 42U , (3.5 kVA), 2N , Dual Source (Total 3.5 kVA Supply)'),(281,281,'Closed Rack 42U , (3.5 kVA), 2N , Dual Source (Total 3.5 kVA Supply)'),(282,282,'Closed Rack 42U , (3.5 kVA), 2N , Dual Source (Total 3.5 kVA Supply)'),(283,283,'Closed Rack 42U , (3.5 kVA), 2N , Dual Source (Total 3.5 kVA Supply)'),(284,284,'Closed Rack 42U , (3.5 kVA), 2N , Dual Source (Total 3.5 kVA Supply)'),(285,285,'Closed Rack 42U , (3.5 kVA), 2N , Dual Source (Total 3.5 kVA Supply)'),(286,286,'Closed Rack 42U , (3.5 kVA), 2N , Dual Source (Total 3.5 kVA Supply)'),(287,287,'Closed Rack 42U , (3.5 kVA), 2N , Dual Source (Total 3.5 kVA Supply)'),(288,288,'Closed Rack 42U , (3.5 kVA), 2N , Dual Source (Total 3.5 kVA Supply)'),(289,289,'Closed Rack 42U , (3.5 kVA), 2N , Dual Source (Total 3.5 kVA Supply)'),(290,290,'Closed Rack 42U , (3.5 kVA), 2N , Dual Source (Total 3.5 kVA Supply)'),(291,291,'Closed Rack 42U , (3.5 kVA), 2N , Dual Source (Total 3.5 kVA Supply)'),(292,292,'Closed Rack 42U , (3.5 kVA), 2N , Dual Source (Total 3.5 kVA Supply)'),(293,293,'Closed Rack 42U , (3.5 kVA), 2N , Dual Source (Total 3.5 kVA Supply)'),(294,294,'Closed Rack 42U , (3.5 kVA), 2N , Dual Source (Total 3.5 kVA Supply)'),(295,295,'Closed Rack 42U , (3.5 kVA), 2N , Dual Source (Total 3.5 kVA Supply)'),(296,296,'Closed Rack 42U , (3.5 kVA), 2N , Dual Source (Total 3.5 kVA Supply)'),(297,297,'Closed Rack 42U , (3.5 kVA), 2N , Dual Source (Total 3.5 kVA Supply)'),(298,298,'Closed Rack 42U , (3.5 kVA), 2N , Dual Source (Total 3.5 kVA Supply)'),(299,299,'Closed Rack 42U , (3.5 kVA), 2N , Dual Source (Total 3.5 kVA Supply)'),(300,300,'Closed Rack 42U , (3.5 kVA), 2N , Dual Source (Total 3.5 kVA Supply)'),(301,301,'Closed Rack 42U , (3.5 kVA), 2N , Dual Source (Total 3.5 kVA Supply)'),(302,302,'Closed Rack 42U , (3.5 kVA), 2N , Dual Source (Total 3.5 kVA Supply)'),(303,303,'Closed Rack 42U , (3.5 kVA), 2N , Dual Source (Total 3.5 kVA Supply)'),(304,304,'Closed Rack 42U , (3.5 kVA), 2N , Dual Source (Total 3.5 kVA Supply)'),(305,305,'Closed Rack 42U , (3.5 kVA), 2N , Dual Source (Total 3.5 kVA Supply)'),(306,306,'Closed Rack 42U , (3.5 kVA), 2N , Dual Source (Total 3.5 kVA Supply)'),(307,307,'Closed Rack 42U , (3.5 kVA), 2N , Dual Source (Total 3.5 kVA Supply)'),(308,308,'Closed Rack 42U , (3.5 kVA), 2N , Dual Source (Total 3.5 kVA Supply)'),(309,309,'Closed Rack 42U , (3.5 kVA), 2N , Dual Source (Total 3.5 kVA Supply)'),(310,310,'Closed Rack 42U , (3.5 kVA), 2N , Dual Source (Total 3.5 kVA Supply)'),(311,311,'Closed Rack 42U , (3.5 kVA), 2N , Dual Source (Total 3.5 kVA Supply)'),(312,312,'Closed Rack 42U , (3.5 kVA), 2N , Dual Source (Total 3.5 kVA Supply)'),(313,313,'Closed Rack 42U , (3.5 kVA), 2N , Dual Source (Total 3.5 kVA Supply)'),(314,314,'Closed Rack 42U , (3.5 kVA), 2N , Dual Source (Total 3.5 kVA Supply)'),(315,315,'Closed Rack 42U , (3.5 kVA), 2N , Dual Source (Total 3.5 kVA Supply)'),(316,316,'Closed Rack 42U , (3.5 kVA), 2N , Dual Source (Total 3.5 kVA Supply)'),(317,317,'Closed Rack 42U , (3.5 kVA), 2N , Dual Source (Total 3.5 kVA Supply)'),(318,318,'Closed Rack 42U , (3.5 kVA), 2N , Dual Source (Total 3.5 kVA Supply)'),(319,319,'Closed Rack 42U , (3.5 kVA), 2N , Dual Source (Total 3.5 kVA Supply)'),(320,320,'Closed Rack 42U , (3.5 kVA), 2N , Dual Source (Total 3.5 kVA Supply)'),(321,321,'Closed Rack 42U , (3.5 kVA), 2N , Dual Source (Total 3.5 kVA Supply)'),(322,322,'Closed Rack 42U , (3.5 kVA), 2N , Dual Source (Total 3.5 kVA Supply)'),(323,323,'Closed Rack 42U , (3.5 kVA), 2N , Dual Source (Total 3.5 kVA Supply)'),(324,324,'Closed Rack 42U , (3.5 kVA), 2N , Dual Source (Total 3.5 kVA Supply)'),(325,325,'Closed Rack 42U , (3.5 kVA), 2N , Dual Source (Total 3.5 kVA Supply)'),(326,326,'Closed Rack 42U , (3.5 kVA), 2N , Dual Source (Total 3.5 kVA Supply)'),(327,327,'Closed Rack 42U , (3.5 kVA), 2N , Dual Source (Total 3.5 kVA Supply)'),(328,328,'Closed Rack 42U , (3.5 kVA), 2N , Dual Source (Total 3.5 kVA Supply)'),(329,329,'Closed Rack 42U , (3.5 kVA), 2N , Dual Source (Total 3.5 kVA Supply)'),(330,330,'Closed Rack 42U , (3.5 kVA), 2N , Dual Source (Total 3.5 kVA Supply)'),(331,331,'Closed Rack 42U , (3.5 kVA), 2N , Dual Source (Total 3.5 kVA Supply)'),(332,332,'Closed Rack 42U , (3.5 kVA), 2N , Dual Source (Total 3.5 kVA Supply)'),(333,333,'Closed Rack 42U , (3.5 kVA), 2N , Dual Source (Total 3.5 kVA Supply)'),(334,334,'Closed Rack 42U , (3.5 kVA), 2N , Dual Source (Total 3.5 kVA Supply)'),(335,335,'Closed Rack 42U , (3.5 kVA), 2N , Dual Source (Total 3.5 kVA Supply)'),(336,336,'Closed Rack 42U , (3.5 kVA), 2N , Dual Source (Total 3.5 kVA Supply)'),(337,337,'Closed Rack 42U , (3.5 kVA), 2N , Dual Source (Total 3.5 kVA Supply)'),(338,338,'Closed Rack 42U , (3.5 kVA), 2N , Dual Source (Total 3.5 kVA Supply)'),(339,339,'Closed Rack 42U , (3.5 kVA), 2N , Dual Source (Total 3.5 kVA Supply)'),(340,340,'Closed Rack 42U , (3.5 kVA), 2N , Dual Source (Total 3.5 kVA Supply)'),(341,341,'Closed Rack 42U , (3.5 kVA), 2N , Dual Source (Total 3.5 kVA Supply)'),(342,342,'Closed Rack 42U , (3.5 kVA), 2N , Dual Source (Total 3.5 kVA Supply)'),(343,343,'Closed Rack 42U , (3.5 kVA), 2N , Dual Source (Total 3.5 kVA Supply)'),(344,344,'Closed Rack 42U , (3.5 kVA), 2N , Dual Source (Total 3.5 kVA Supply)'),(345,345,'Closed Rack 42U , (3.5 kVA), 2N , Dual Source (Total 3.5 kVA Supply)'),(346,346,'Closed Rack 42U , (3.5 kVA), 2N , Dual Source (Total 3.5 kVA Supply)'),(347,347,'Closed Rack 42U , (3.5 kVA), 2N , Dual Source (Total 3.5 kVA Supply)'),(348,348,'Closed Rack 42U , (3.5 kVA), 2N , Dual Source (Total 3.5 kVA Supply)'),(349,349,'Closed Rack 42U , (3.5 kVA), 2N , Dual Source (Total 3.5 kVA Supply)'),(350,350,'Closed Rack 42U , (3.5 kVA), 2N , Dual Source (Total 3.5 kVA Supply)'),(351,351,'Closed Rack 42U , (3.5 kVA), 2N , Dual Source (Total 3.5 kVA Supply)'),(352,352,'Closed Rack 42U , (3.5 kVA), 2N , Dual Source (Total 3.5 kVA Supply)'),(353,353,'Closed Rack 42U , (3.5 kVA), 2N , Dual Source (Total 3.5 kVA Supply)'),(354,354,'Closed Rack 42U , (3.5 kVA), 2N , Dual Source (Total 3.5 kVA Supply)'),(355,355,'Closed Rack 42U , (3.5 kVA), 2N , Dual Source (Total 3.5 kVA Supply)'),(356,356,'Closed Rack 42U , (3.5 kVA), 2N , Dual Source (Total 3.5 kVA Supply)'),(357,357,'Closed Rack 42U , (3.5 kVA), 2N , Dual Source (Total 3.5 kVA Supply)'),(358,358,'Closed Rack 42U , (3.5 kVA), 2N , Dual Source (Total 3.5 kVA Supply)'),(359,359,'Closed Rack 42U , (3.5 kVA), 2N , Dual Source (Total 3.5 kVA Supply)'),(360,360,'Closed Rack 42U , (3.5 kVA), 2N , Dual Source (Total 3.5 kVA Supply)'),(361,361,'Closed Rack 42U , (3.5 kVA), 2N , Dual Source (Total 3.5 kVA Supply)'),(362,362,'Closed Rack 42U , (3.5 kVA), 2N , Dual Source (Total 3.5 kVA Supply)'),(363,363,'Closed Rack 42U , (3.5 kVA), 2N , Dual Source (Total 3.5 kVA Supply)'),(364,364,'Closed Rack 42U , (3.5 kVA), 2N , Dual Source (Total 3.5 kVA Supply)'),(365,365,'Closed Rack 42U , (3.5 kVA), 2N , Dual Source (Total 3.5 kVA Supply)'),(366,366,'Closed Rack 42U , (3.5 kVA), 2N , Dual Source (Total 3.5 kVA Supply)'),(367,367,'Closed Rack 42U , (3.5 kVA), 2N , Dual Source (Total 3.5 kVA Supply)'),(368,368,'Closed Rack 42U , (3.5 kVA), 2N , Dual Source (Total 3.5 kVA Supply)'),(369,369,'Closed Rack 42U , (3.5 kVA), 2N , Dual Source (Total 3.5 kVA Supply)'),(370,370,'Closed Rack 42U , (3.5 kVA), 2N , Dual Source (Total 3.5 kVA Supply)'),(371,371,'Closed Rack 42U , (3.5 kVA), 2N , Dual Source (Total 3.5 kVA Supply)'),(372,372,'Closed Rack 42U , (3.5 kVA), 2N , Dual Source (Total 3.5 kVA Supply)'),(373,373,'Closed Rack 42U , (3.5 kVA), 2N , Dual Source (Total 3.5 kVA Supply)'),(374,374,'Closed Rack 42U , (3.5 kVA), 2N , Dual Source (Total 3.5 kVA Supply)'),(375,375,'Closed Rack 42U , (3.5 kVA), 2N , Dual Source (Total 3.5 kVA Supply)'),(376,376,'Closed Rack 42U , (3.5 kVA), 2N , Dual Source (Total 3.5 kVA Supply)'),(377,377,'Closed Rack 42U , (3.5 kVA), 2N , Dual Source (Total 3.5 kVA Supply)'),(378,378,'Closed Rack 42U , (3.5 kVA), 2N , Dual Source (Total 3.5 kVA Supply)'),(379,379,'Closed Rack 42U , (3.5 kVA), 2N , Dual Source (Total 3.5 kVA Supply)'),(380,380,'Closed Rack 42U , (3.5 kVA), 2N , Dual Source (Total 3.5 kVA Supply)'),(381,381,'Closed Rack 42U , (3.5 kVA), 2N , Dual Source (Total 3.5 kVA Supply)'),(382,382,'Closed Rack 42U , (3.5 kVA), 2N , Dual Source (Total 3.5 kVA Supply)'),(383,383,'Closed Rack 42U , (3.5 kVA), 2N , Dual Source (Total 3.5 kVA Supply)'),(384,384,'Closed Rack 42U , (3.5 kVA), 2N , Dual Source (Total 3.5 kVA Supply)'),(385,385,'Closed Rack 42U , (3.5 kVA), 2N , Dual Source (Total 3.5 kVA Supply)'),(386,386,'Closed Rack 42U , (3.5 kVA), 2N , Dual Source (Total 3.5 kVA Supply)'),(387,387,'Closed Rack 42U , (3.5 kVA), 2N , Dual Source (Total 3.5 kVA Supply)'),(388,388,'Closed Rack 42U , (3.5 kVA), 2N , Dual Source (Total 3.5 kVA Supply)'),(389,389,'Closed Rack 42U , (3.5 kVA), 2N , Dual Source (Total 3.5 kVA Supply)'),(390,390,'Closed Rack 42U , (3.5 kVA), 2N , Dual Source (Total 3.5 kVA Supply)'),(391,391,'Closed Rack 42U , (3.5 kVA), 2N , Dual Source (Total 3.5 kVA Supply)'),(392,392,'Closed Rack 42U , (3.5 kVA), 2N , Dual Source (Total 3.5 kVA Supply)'),(393,393,'Closed Rack 42U , (3.5 kVA), 2N , Dual Source (Total 3.5 kVA Supply)'),(394,394,'Closed Rack 42U , (3.5 kVA), 2N , Dual Source (Total 3.5 kVA Supply)'),(395,395,'Closed Rack 42U , (3.5 kVA), 2N , Dual Source (Total 3.5 kVA Supply)'),(396,396,'Closed Rack 42U , (3.5 kVA), 2N , Dual Source (Total 3.5 kVA Supply)'),(397,397,'Closed Rack 42U , (3.5 kVA), 2N , Dual Source (Total 3.5 kVA Supply)'),(398,398,'Closed Rack 42U , (3.5 kVA), 2N , Dual Source (Total 3.5 kVA Supply)'),(399,399,'Closed Rack 42U , (3.5 kVA), 2N , Dual Source (Total 3.5 kVA Supply)'),(400,400,'Closed Rack 42U , (3.5 kVA), 2N , Dual Source (Total 3.5 kVA Supply)'),(401,401,'Closed Rack 42U , (3.5 kVA), 2N , Dual Source (Total 3.5 kVA Supply)'),(402,402,'Closed Rack 42U , (3.5 kVA), 2N , Dual Source (Total 3.5 kVA Supply)'),(403,403,'Closed Rack 42U , (3.5 kVA), 2N , Dual Source (Total 3.5 kVA Supply)'),(404,404,'Closed Rack 42U , (3.5 kVA), 2N , Dual Source (Total 3.5 kVA Supply)'),(405,405,'Closed Rack 42U , (3.5 kVA), 2N , Dual Source (Total 3.5 kVA Supply)'),(406,406,'Closed Rack 42U , (3.5 kVA), 2N , Dual Source (Total 3.5 kVA Supply)'),(407,407,'Closed Rack 42U , (3.5 kVA), 2N , Dual Source (Total 3.5 kVA Supply)'),(408,408,'Closed Rack 42U , (3.5 kVA), 2N , Dual Source (Total 3.5 kVA Supply)'),(409,409,'Closed Rack 42U , (3.5 kVA), 2N , Dual Source (Total 3.5 kVA Supply)'),(410,410,'Closed Rack 42U , (3.5 kVA), 2N , Dual Source (Total 3.5 kVA Supply)'),(411,411,'Closed Rack 42U , (3.5 kVA), 2N , Dual Source (Total 3.5 kVA Supply)'),(412,412,'Closed Rack 42U , (3.5 kVA), 2N , Dual Source (Total 3.5 kVA Supply)'),(413,413,'Closed Rack 42U , (3.5 kVA), 2N , Dual Source (Total 3.5 kVA Supply)'),(414,414,'Closed Rack 42U , (3.5 kVA), 2N , Dual Source (Total 3.5 kVA Supply)'),(415,415,'Closed Rack 42U , (3.5 kVA), 2N , Dual Source (Total 3.5 kVA Supply)'),(416,416,'Closed Rack 42U , (3.5 kVA), 2N , Dual Source (Total 3.5 kVA Supply)'),(417,417,'Closed Rack 42U , (3.5 kVA), 2N , Dual Source (Total 3.5 kVA Supply)'),(418,418,'Closed Rack 42U , (3.5 kVA), 2N , Dual Source (Total 3.5 kVA Supply)'),(419,419,'Closed Rack 42U , (3.5 kVA), 2N , Dual Source (Total 3.5 kVA Supply)'),(420,420,'Closed Rack 42U , (3.5 kVA), 2N , Dual Source (Total 3.5 kVA Supply)'),(421,421,'Closed Rack 42U , (3.5 kVA), 2N , Dual Source (Total 3.5 kVA Supply)'),(422,422,'Closed Rack 42U , (3.5 kVA), 2N , Dual Source (Total 3.5 kVA Supply)'),(423,423,'Closed Rack 42U , (3.5 kVA), 2N , Dual Source (Total 3.5 kVA Supply)'),(424,424,'Closed Rack 42U , (3.5 kVA), 2N , Dual Source (Total 3.5 kVA Supply)'),(425,425,'Closed Rack 42U , (3.5 kVA), 2N , Dual Source (Total 3.5 kVA Supply)'),(426,426,'Closed Rack 42U , (3.5 kVA), 2N , Dual Source (Total 3.5 kVA Supply)'),(427,427,'Closed Rack 42U , (3.5 kVA), 2N , Dual Source (Total 3.5 kVA Supply)'),(428,428,'Closed Rack 42U , (3.5 kVA), 2N , Dual Source (Total 3.5 kVA Supply)'),(429,429,'Closed Rack 42U , (3.5 kVA), 2N , Dual Source (Total 3.5 kVA Supply)'),(430,430,'Closed Rack 42U , (3.5 kVA), 2N , Dual Source (Total 3.5 kVA Supply)'),(431,431,'Closed Rack 42U , (3.5 kVA), 2N , Dual Source (Total 3.5 kVA Supply)'),(432,432,'Closed Rack 42U , (3.5 kVA), 2N , Dual Source (Total 3.5 kVA Supply)'),(433,433,'Closed Rack 42U , (3.5 kVA), 2N , Dual Source (Total 3.5 kVA Supply)'),(434,434,'Closed Rack 42U , (3.5 kVA), 2N , Dual Source (Total 3.5 kVA Supply)'),(435,435,'Closed Rack 42U , (3.5 kVA), 2N , Dual Source (Total 3.5 kVA Supply)'),(436,436,'Closed Rack 42U , (3.5 kVA), 2N , Dual Source (Total 3.5 kVA Supply)'),(437,437,'Closed Rack 42U , (3.5 kVA), 2N , Dual Source (Total 3.5 kVA Supply)'),(438,438,'Closed Rack 42U , (3.5 kVA), 2N , Dual Source (Total 3.5 kVA Supply)'),(439,439,'Closed Rack 42U , (3.5 kVA), 2N , Dual Source (Total 3.5 kVA Supply)'),(440,440,'Closed Rack 42U , (3.5 kVA), 2N , Dual Source (Total 3.5 kVA Supply)'),(441,441,'Closed Rack 42U , (3.5 kVA), 2N , Dual Source (Total 3.5 kVA Supply)'),(442,442,'Closed Rack 42U , (3.5 kVA), 2N , Dual Source (Total 3.5 kVA Supply)'),(443,443,'Closed Rack 42U , (3.5 kVA), 2N , Dual Source (Total 3.5 kVA Supply)'),(444,444,'Closed Rack 42U , (3.5 kVA), 2N , Dual Source (Total 3.5 kVA Supply)'),(445,445,'Closed Rack 42U , (3.5 kVA), 2N , Dual Source (Total 3.5 kVA Supply)'),(446,446,'Closed Rack 42U , (3.5 kVA), 2N , Dual Source (Total 3.5 kVA Supply)'),(447,447,'Closed Rack 42U , (3.5 kVA), 2N , Dual Source (Total 3.5 kVA Supply)'),(448,448,'Closed Rack 42U , (3.5 kVA), 2N , Dual Source (Total 3.5 kVA Supply)'),(449,449,'Closed Rack 42U , (3.5 kVA), 2N , Dual Source (Total 3.5 kVA Supply)'),(450,450,'Closed Rack 42U , (3.5 kVA), 2N , Dual Source (Total 3.5 kVA Supply)'),(451,451,'Closed Rack 42U , (3.5 kVA), 2N , Dual Source (Total 3.5 kVA Supply)'),(452,452,'Closed Rack 42U , (3.5 kVA), 2N , Dual Source (Total 3.5 kVA Supply)'),(453,453,'Closed Rack 42U , (3.5 kVA), 2N , Dual Source (Total 3.5 kVA Supply)'),(454,454,'Closed Rack 42U , (3.5 kVA), 2N , Dual Source (Total 3.5 kVA Supply)'),(455,455,'Closed Rack 42U , (3.5 kVA), 2N , Dual Source (Total 3.5 kVA Supply)'),(456,456,'Closed Rack 42U , (3.5 kVA), 2N , Dual Source (Total 3.5 kVA Supply)'),(457,457,'Closed Rack 42U , (3.5 kVA), 2N , Dual Source (Total 3.5 kVA Supply)'),(458,458,'Closed Rack 42U , (3.5 kVA), 2N , Dual Source (Total 3.5 kVA Supply)'),(459,459,'Closed Rack 42U , (3.5 kVA), 2N , Dual Source (Total 3.5 kVA Supply)'),(460,460,'Closed Rack 42U , (3.5 kVA), 2N , Dual Source (Total 3.5 kVA Supply)'),(461,461,'Closed Rack 42U , (3.5 kVA), 2N , Dual Source (Total 3.5 kVA Supply)'),(462,462,'Closed Rack 42U , (3.5 kVA), 2N , Dual Source (Total 3.5 kVA Supply)'),(463,463,'Closed Rack 42U , (3.5 kVA), 2N , Dual Source (Total 3.5 kVA Supply)'),(464,464,'Closed Rack 42U , (3.5 kVA), 2N , Dual Source (Total 3.5 kVA Supply)'),(465,465,'Closed Rack 42U , (3.5 kVA), 2N , Dual Source (Total 3.5 kVA Supply)'),(466,466,'Closed Rack 42U , (3.5 kVA), 2N , Dual Source (Total 3.5 kVA Supply)'),(467,467,'Closed Rack 42U , (3.5 kVA), 2N , Dual Source (Total 3.5 kVA Supply)'),(468,468,'Closed Rack 42U , (3.5 kVA), 2N , Dual Source (Total 3.5 kVA Supply)'),(469,469,'Closed Rack 42U , (3.5 kVA), 2N , Dual Source (Total 3.5 kVA Supply)'),(470,470,'Closed Rack 42U , (3.5 kVA), 2N , Dual Source (Total 3.5 kVA Supply)'),(471,471,'Closed Rack 42U , (3.5 kVA), 2N , Dual Source (Total 3.5 kVA Supply)'),(472,472,'Closed Rack 42U , (3.5 kVA), 2N , Dual Source (Total 3.5 kVA Supply)'),(473,473,'Closed Rack 42U , (3.5 kVA), 2N , Dual Source (Total 3.5 kVA Supply)'),(474,474,'Closed Rack 42U , (3.5 kVA), 2N , Dual Source (Total 3.5 kVA Supply)'),(475,475,'Closed Rack 42U , (3.5 kVA), 2N , Dual Source (Total 3.5 kVA Supply)'),(476,476,'Closed Rack 42U , (3.5 kVA), 2N , Dual Source (Total 3.5 kVA Supply)'),(477,477,'Closed Rack 42U , (3.5 kVA), 2N , Dual Source (Total 3.5 kVA Supply)'),(478,478,'Closed Rack 42U , (3.5 kVA), 2N , Dual Source (Total 3.5 kVA Supply)'),(479,479,'Closed Rack 42U , (3.5 kVA), 2N , Dual Source (Total 3.5 kVA Supply)'),(480,480,'Closed Rack 42U , (3.5 kVA), 2N , Dual Source (Total 3.5 kVA Supply)'),(481,481,'Closed Rack 42U , (3.5 kVA), 2N , Dual Source (Total 3.5 kVA Supply)'),(482,482,'Closed Rack 42U , (3.5 kVA), 2N , Dual Source (Total 3.5 kVA Supply)'),(483,483,'Closed Rack 42U , (3.5 kVA), 2N , Dual Source (Total 3.5 kVA Supply)'),(484,484,'Closed Rack 42U , (3.5 kVA), 2N , Dual Source (Total 3.5 kVA Supply)'),(485,485,'Closed Rack 42U , (3.5 kVA), 2N , Dual Source (Total 3.5 kVA Supply)'),(486,486,'Closed Rack 42U , (3.5 kVA), 2N , Dual Source (Total 3.5 kVA Supply)'),(487,487,'Closed Rack 42U , (3.5 kVA), 2N , Dual Source (Total 3.5 kVA Supply)'),(488,488,'Closed Rack 42U , (3.5 kVA), 2N , Dual Source (Total 3.5 kVA Supply)'),(489,489,'Closed Rack 42U , (3.5 kVA), 2N , Dual Source (Total 3.5 kVA Supply)'),(490,490,'Closed Rack 42U , (3.5 kVA), 2N , Dual Source (Total 3.5 kVA Supply)'),(491,491,'Closed Rack 42U , (3.5 kVA), 2N , Dual Source (Total 3.5 kVA Supply)'),(492,492,'Closed Rack 42U , (3.5 kVA), 2N , Dual Source (Total 3.5 kVA Supply)'),(493,493,'Closed Rack 42U , (3.5 kVA), 2N , Dual Source (Total 3.5 kVA Supply)'),(494,494,'Closed Rack 42U , (3.5 kVA), 2N , Dual Source (Total 3.5 kVA Supply)'),(495,495,'Closed Rack 42U , (3.5 kVA), 2N , Dual Source (Total 3.5 kVA Supply)'),(496,496,'Closed Rack 42U , (3.5 kVA), 2N , Dual Source (Total 3.5 kVA Supply)'),(497,497,'Closed Rack 42U , (3.5 kVA), 2N , Dual Source (Total 3.5 kVA Supply)'),(498,498,'Closed Rack 42U , (3.5 kVA), 2N , Dual Source (Total 3.5 kVA Supply)'),(499,499,'Closed Rack 42U , (3.5 kVA), 2N , Dual Source (Total 3.5 kVA Supply)'),(500,500,'Closed Rack 42U , (3.5 kVA), 2N , Dual Source (Total 3.5 kVA Supply)'),(501,501,'Closed Rack 42U , (3.5 kVA), 2N , Dual Source (Total 3.5 kVA Supply)'),(502,502,'Closed Rack 42U , (3.5 kVA), 2N , Dual Source (Total 3.5 kVA Supply)'),(503,503,'Closed Rack 42U , (3.5 kVA), 2N , Dual Source (Total 3.5 kVA Supply)'),(504,504,'Closed Rack 42U , (3.5 kVA), 2N , Dual Source (Total 3.5 kVA Supply)'),(505,505,'Closed Rack 42U , (3.5 kVA), 2N , Dual Source (Total 3.5 kVA Supply)'),(506,506,'Closed Rack 42U , (3.5 kVA), 2N , Dual Source (Total 3.5 kVA Supply)'),(507,507,'Closed Rack 42U , (3.5 kVA), 2N , Dual Source (Total 3.5 kVA Supply)'),(508,508,'Closed Rack 42U , (3.5 kVA), 2N , Dual Source (Total 3.5 kVA Supply)'),(509,509,'Closed Rack 42U , (3.5 kVA), 2N , Dual Source (Total 3.5 kVA Supply)'),(510,510,'Closed Rack 42U , (3.5 kVA), 2N , Dual Source (Total 3.5 kVA Supply)'),(511,511,'Closed Rack 42U , (3.5 kVA), 2N , Dual Source (Total 3.5 kVA Supply)'),(512,512,'Closed Rack 42U , (3.5 kVA), 2N , Dual Source (Total 3.5 kVA Supply)'),(513,513,'Closed Rack 42U , (3.5 kVA), 2N , Dual Source (Total 3.5 kVA Supply)'),(514,514,'Closed Rack 42U , (3.5 kVA), 2N , Dual Source (Total 3.5 kVA Supply)'),(515,515,'Closed Rack 42U , (3.5 kVA), 2N , Dual Source (Total 3.5 kVA Supply)'),(516,516,'Closed Rack 42U , (3.5 kVA), 2N , Dual Source (Total 3.5 kVA Supply)'),(517,517,'Closed Rack 42U , (3.5 kVA), 2N , Dual Source (Total 3.5 kVA Supply)'),(518,518,'Closed Rack 42U , (3.5 kVA), 2N , Dual Source (Total 3.5 kVA Supply)'),(519,519,'Closed Rack 42U , (3.5 kVA), 2N , Dual Source (Total 3.5 kVA Supply)'),(520,520,'Closed Rack 42U , (3.5 kVA), 2N , Dual Source (Total 3.5 kVA Supply)'),(521,521,'Closed Rack 42U , (3.5 kVA), 2N , Dual Source (Total 3.5 kVA Supply)'),(522,522,'Closed Rack 42U , (3.5 kVA), 2N , Dual Source (Total 3.5 kVA Supply)'),(523,523,'Closed Rack 42U , (3.5 kVA), 2N , Dual Source (Total 3.5 kVA Supply)'),(524,524,'Closed Rack 42U , (3.5 kVA), 2N , Dual Source (Total 3.5 kVA Supply)'),(525,525,'Closed Rack 42U , (3.5 kVA), 2N , Dual Source (Total 3.5 kVA Supply)'),(526,526,'Closed Rack 42U , (3.5 kVA), 2N , Dual Source (Total 3.5 kVA Supply)'),(527,527,'Closed Rack 42U , (3.5 kVA), 2N , Dual Source (Total 3.5 kVA Supply)'),(528,528,'Closed Rack 42U , (3.5 kVA), 2N , Dual Source (Total 3.5 kVA Supply)'),(529,529,'Closed Rack 42U , (3.5 kVA), 2N , Dual Source (Total 3.5 kVA Supply)'),(530,530,'Closed Rack 42U , (3.5 kVA), 2N , Dual Source (Total 3.5 kVA Supply)'),(531,531,'Closed Rack 42U , (3.5 kVA), 2N , Dual Source (Total 3.5 kVA Supply)'),(532,532,'Closed Rack 42U , (3.5 kVA), 2N , Dual Source (Total 3.5 kVA Supply)'),(533,533,'Closed Rack 42U , (3.5 kVA), 2N , Dual Source (Total 3.5 kVA Supply)'),(534,534,'Closed Rack 42U , (3.5 kVA), 2N , Dual Source (Total 3.5 kVA Supply)'),(535,535,'Closed Rack 42U , (3.5 kVA), 2N , Dual Source (Total 3.5 kVA Supply)'),(536,536,'Closed Rack 42U , (3.5 kVA), 2N , Dual Source (Total 3.5 kVA Supply)'),(537,537,'Closed Rack 42U , (3.5 kVA), 2N , Dual Source (Total 3.5 kVA Supply)'),(538,538,'Closed Rack 42U , (3.5 kVA), 2N , Dual Source (Total 3.5 kVA Supply)');
/*!40000 ALTER TABLE `p_rackspec` ENABLE KEYS */;
UNLOCK TABLES;

--
-- Table structure for table `p_rackspec_ori`
--

DROP TABLE IF EXISTS `p_rackspec_ori`;
/*!40101 SET @saved_cs_client     = @@character_set_client */;
/*!40101 SET character_set_client = utf8 */;
CREATE TABLE `p_rackspec_ori` (
  `id_rackspec` int(11) NOT NULL AUTO_INCREMENT,
  `id_rack` int(11) NOT NULL,
  `spec_detail` text NOT NULL,
  PRIMARY KEY (`id_rackspec`),
  KEY `id_rack` (`id_rack`)
) ENGINE=InnoDB AUTO_INCREMENT=539 DEFAULT CHARSET=latin1;
/*!40101 SET character_set_client = @saved_cs_client */;

--
-- Dumping data for table `p_rackspec_ori`
--

LOCK TABLES `p_rackspec_ori` WRITE;
/*!40000 ALTER TABLE `p_rackspec_ori` DISABLE KEYS */;
INSERT INTO `p_rackspec_ori` VALUES (1,1,'Closed Rack 42U , (3.5 kVA), 2N , Dual Source (Total 3.5 kVA Supply)'),(2,2,'Closed Rack 42U , (3.5 kVA), 2N , Dual Source (Total 3.5 kVA Supply)'),(3,3,'Closed Rack 42U , (3.5 kVA), 2N , Dual Source (Total 3.5 kVA Supply)'),(4,4,'Closed Rack 42U , (3.5 kVA), 2N , Dual Source (Total 3.5 kVA Supply)'),(5,5,'Closed Rack 42U , (3.5 kVA), 2N , Dual Source (Total 3.5 kVA Supply)'),(6,6,'Closed Rack 42U , (3.5 kVA), 2N , Dual Source (Total 3.5 kVA Supply)'),(7,7,'Closed Rack 42U , (3.5 kVA), 2N , Dual Source (Total 3.5 kVA Supply)'),(8,8,'Closed Rack 42U , (3.5 kVA), 2N , Dual Source (Total 3.5 kVA Supply)'),(9,9,'Closed Rack 42U , (3.5 kVA), 2N , Dual Source (Total 3.5 kVA Supply)'),(10,10,'Closed Rack 42U , (3.5 kVA), 2N , Dual Source (Total 3.5 kVA Supply)'),(11,11,'Closed Rack 42U , (3.5 kVA), 2N , Dual Source (Total 3.5 kVA Supply)'),(12,12,'Closed Rack 42U , (3.5 kVA), 2N , Dual Source (Total 3.5 kVA Supply)'),(13,13,'Closed Rack 42U , (3.5 kVA), 2N , Dual Source (Total 3.5 kVA Supply)'),(14,14,'Closed Rack 42U , (3.5 kVA), 2N , Dual Source (Total 3.5 kVA Supply)'),(15,15,'Closed Rack 42U , (3.5 kVA), 2N , Dual Source (Total 3.5 kVA Supply)'),(16,16,'Closed Rack 42U , (3.5 kVA), 2N , Dual Source (Total 3.5 kVA Supply)'),(17,17,'Closed Rack 42U , (3.5 kVA), 2N , Dual Source (Total 3.5 kVA Supply)'),(18,18,'Closed Rack 42U , (3.5 kVA), 2N , Dual Source (Total 3.5 kVA Supply)'),(19,19,'Closed Rack 42U , (3.5 kVA), 2N , Dual Source (Total 3.5 kVA Supply)'),(20,20,'Closed Rack 42U , (3.5 kVA), 2N , Dual Source (Total 3.5 kVA Supply)'),(21,21,'Closed Rack 42U , (3.5 kVA), 2N , Dual Source (Total 3.5 kVA Supply)'),(22,22,'Closed Rack 42U , (3.5 kVA), 2N , Dual Source (Total 3.5 kVA Supply)'),(23,23,'Closed Rack 42U , (3.5 kVA), 2N , Dual Source (Total 3.5 kVA Supply)'),(24,24,'Closed Rack 42U , (3.5 kVA), 2N , Dual Source (Total 3.5 kVA Supply)'),(25,25,'Closed Rack 42U , (3.5 kVA), 2N , Dual Source (Total 3.5 kVA Supply)'),(26,26,'Closed Rack 42U , (3.5 kVA), 2N , Dual Source (Total 3.5 kVA Supply)'),(27,27,'Closed Rack 42U , (3.5 kVA), 2N , Dual Source (Total 3.5 kVA Supply)'),(28,28,'Closed Rack 42U , (3.5 kVA), 2N , Dual Source (Total 3.5 kVA Supply)'),(29,29,'Closed Rack 42U , (3.5 kVA), 2N , Dual Source (Total 3.5 kVA Supply)'),(30,30,'Closed Rack 42U , (3.5 kVA), 2N , Dual Source (Total 3.5 kVA Supply)'),(31,31,'Closed Rack 42U , (3.5 kVA), 2N , Dual Source (Total 3.5 kVA Supply)'),(32,32,'Closed Rack 42U , (3.5 kVA), 2N , Dual Source (Total 3.5 kVA Supply)'),(33,33,'Closed Rack 42U , (3.5 kVA), 2N , Dual Source (Total 3.5 kVA Supply)'),(34,34,'Closed Rack 42U , (3.5 kVA), 2N , Dual Source (Total 3.5 kVA Supply)'),(35,35,'Closed Rack 42U , (3.5 kVA), 2N , Dual Source (Total 3.5 kVA Supply)'),(36,36,'Closed Rack 42U , (3.5 kVA), 2N , Dual Source (Total 3.5 kVA Supply)'),(37,37,'Closed Rack 42U , (3.5 kVA), 2N , Dual Source (Total 3.5 kVA Supply)'),(38,38,'Closed Rack 42U , (3.5 kVA), 2N , Dual Source (Total 3.5 kVA Supply)'),(39,39,'Closed Rack 42U , (3.5 kVA), 2N , Dual Source (Total 3.5 kVA Supply)'),(40,40,'Closed Rack 42U , (3.5 kVA), 2N , Dual Source (Total 3.5 kVA Supply)'),(41,41,'Closed Rack 42U , (3.5 kVA), 2N , Dual Source (Total 3.5 kVA Supply)'),(42,42,'Closed Rack 42U , (3.5 kVA), 2N , Dual Source (Total 3.5 kVA Supply)'),(43,43,'Closed Rack 42U , (3.5 kVA), 2N , Dual Source (Total 3.5 kVA Supply)'),(44,44,'Closed Rack 42U , (3.5 kVA), 2N , Dual Source (Total 3.5 kVA Supply)'),(45,45,'Closed Rack 42U , (3.5 kVA), 2N , Dual Source (Total 3.5 kVA Supply)'),(46,46,'Closed Rack 42U , (3.5 kVA), 2N , Dual Source (Total 3.5 kVA Supply)'),(47,47,'Closed Rack 42U , (3.5 kVA), 2N , Dual Source (Total 3.5 kVA Supply)'),(48,48,'Closed Rack 42U , (3.5 kVA), 2N , Dual Source (Total 3.5 kVA Supply)'),(49,49,'Closed Rack 42U , (3.5 kVA), 2N , Dual Source (Total 3.5 kVA Supply)'),(50,50,'Closed Rack 42U , (3.5 kVA), 2N , Dual Source (Total 3.5 kVA Supply)'),(51,51,'Closed Rack 42U , (3.5 kVA), 2N , Dual Source (Total 3.5 kVA Supply)'),(52,52,'Closed Rack 42U , (3.5 kVA), 2N , Dual Source (Total 3.5 kVA Supply)'),(53,53,'Closed Rack 42U , (3.5 kVA), 2N , Dual Source (Total 3.5 kVA Supply)'),(54,54,'Closed Rack 42U , (3.5 kVA), 2N , Dual Source (Total 3.5 kVA Supply)'),(55,55,'Closed Rack 42U , (3.5 kVA), 2N , Dual Source (Total 3.5 kVA Supply)'),(56,56,'Closed Rack 42U , (3.5 kVA), 2N , Dual Source (Total 3.5 kVA Supply)'),(57,57,'Closed Rack 42U , (3.5 kVA), 2N , Dual Source (Total 3.5 kVA Supply)'),(58,58,'Closed Rack 42U , (3.5 kVA), 2N , Dual Source (Total 3.5 kVA Supply)'),(59,59,'Closed Rack 42U , (3.5 kVA), 2N , Dual Source (Total 3.5 kVA Supply)'),(60,60,'Closed Rack 42U , (3.5 kVA), 2N , Dual Source (Total 3.5 kVA Supply)'),(61,61,'Closed Rack 42U , (3.5 kVA), 2N , Dual Source (Total 3.5 kVA Supply)'),(62,62,'Closed Rack 42U , (3.5 kVA), 2N , Dual Source (Total 3.5 kVA Supply)'),(63,63,'Closed Rack 42U , (3.5 kVA), 2N , Dual Source (Total 3.5 kVA Supply)'),(64,64,'Closed Rack 42U , (3.5 kVA), 2N , Dual Source (Total 3.5 kVA Supply)'),(65,65,'Closed Rack 42U , (3.5 kVA), 2N , Dual Source (Total 3.5 kVA Supply)'),(66,66,'Closed Rack 42U , (3.5 kVA), 2N , Dual Source (Total 3.5 kVA Supply)'),(67,67,'Closed Rack 42U , (3.5 kVA), 2N , Dual Source (Total 3.5 kVA Supply)'),(68,68,'Closed Rack 42U , (3.5 kVA), 2N , Dual Source (Total 3.5 kVA Supply)'),(69,69,'Closed Rack 42U , (3.5 kVA), 2N , Dual Source (Total 3.5 kVA Supply)'),(70,70,'Closed Rack 42U , (3.5 kVA), 2N , Dual Source (Total 3.5 kVA Supply)'),(71,71,'Closed Rack 42U , (3.5 kVA), 2N , Dual Source (Total 3.5 kVA Supply)'),(72,72,'Closed Rack 42U , (3.5 kVA), 2N , Dual Source (Total 3.5 kVA Supply)'),(73,73,'Closed Rack 42U , (3.5 kVA), 2N , Dual Source (Total 3.5 kVA Supply)'),(74,74,'Closed Rack 42U , (3.5 kVA), 2N , Dual Source (Total 3.5 kVA Supply)'),(75,75,'Closed Rack 42U , (3.5 kVA), 2N , Dual Source (Total 3.5 kVA Supply)'),(76,76,'Closed Rack 42U , (3.5 kVA), 2N , Dual Source (Total 3.5 kVA Supply)'),(77,77,'Closed Rack 42U , (3.5 kVA), 2N , Dual Source (Total 3.5 kVA Supply)'),(78,78,'Closed Rack 42U , (3.5 kVA), 2N , Dual Source (Total 3.5 kVA Supply)'),(79,79,'Closed Rack 42U , (3.5 kVA), 2N , Dual Source (Total 3.5 kVA Supply)'),(80,80,'Closed Rack 42U , (3.5 kVA), 2N , Dual Source (Total 3.5 kVA Supply)'),(81,81,'Closed Rack 42U , (3.5 kVA), 2N , Dual Source (Total 3.5 kVA Supply)'),(82,82,'Closed Rack 42U , (3.5 kVA), 2N , Dual Source (Total 3.5 kVA Supply)'),(83,83,'Closed Rack 42U , (3.5 kVA), 2N , Dual Source (Total 3.5 kVA Supply)'),(84,84,'Closed Rack 42U , (3.5 kVA), 2N , Dual Source (Total 3.5 kVA Supply)'),(85,85,'Closed Rack 42U , (3.5 kVA), 2N , Dual Source (Total 3.5 kVA Supply)'),(86,86,'Closed Rack 42U , (3.5 kVA), 2N , Dual Source (Total 3.5 kVA Supply)'),(87,87,'Closed Rack 42U , (3.5 kVA), 2N , Dual Source (Total 3.5 kVA Supply)'),(88,88,'Closed Rack 42U , (3.5 kVA), 2N , Dual Source (Total 3.5 kVA Supply)'),(89,89,'Closed Rack 42U , (3.5 kVA), 2N , Dual Source (Total 3.5 kVA Supply)'),(90,90,'Closed Rack 42U , (3.5 kVA), 2N , Dual Source (Total 3.5 kVA Supply)'),(91,91,'Closed Rack 42U , (3.5 kVA), 2N , Dual Source (Total 3.5 kVA Supply)'),(92,92,'Closed Rack 42U , (3.5 kVA), 2N , Dual Source (Total 3.5 kVA Supply)'),(93,93,'Closed Rack 42U , (3.5 kVA), 2N , Dual Source (Total 3.5 kVA Supply)'),(94,94,'Closed Rack 42U , (3.5 kVA), 2N , Dual Source (Total 3.5 kVA Supply)'),(95,95,'Closed Rack 42U , (3.5 kVA), 2N , Dual Source (Total 3.5 kVA Supply)'),(96,96,'Closed Rack 42U , (3.5 kVA), 2N , Dual Source (Total 3.5 kVA Supply)'),(97,97,'Closed Rack 42U , (3.5 kVA), 2N , Dual Source (Total 3.5 kVA Supply)'),(98,98,'Closed Rack 42U , (3.5 kVA), 2N , Dual Source (Total 3.5 kVA Supply)'),(99,99,'Closed Rack 42U , (3.5 kVA), 2N , Dual Source (Total 3.5 kVA Supply)'),(100,100,'Closed Rack 42U , (3.5 kVA), 2N , Dual Source (Total 3.5 kVA Supply)'),(101,101,'Closed Rack 42U , (3.5 kVA), 2N , Dual Source (Total 3.5 kVA Supply)'),(102,102,'Closed Rack 42U , (3.5 kVA), 2N , Dual Source (Total 3.5 kVA Supply)'),(103,103,'Closed Rack 42U , (3.5 kVA), 2N , Dual Source (Total 3.5 kVA Supply)'),(104,104,'Closed Rack 42U , (3.5 kVA), 2N , Dual Source (Total 3.5 kVA Supply)'),(105,105,'Closed Rack 42U , (3.5 kVA), 2N , Dual Source (Total 3.5 kVA Supply)'),(106,106,'Closed Rack 42U , (3.5 kVA), 2N , Dual Source (Total 3.5 kVA Supply)'),(107,107,'Closed Rack 42U , (3.5 kVA), 2N , Dual Source (Total 3.5 kVA Supply)'),(108,108,'Closed Rack 42U , (3.5 kVA), 2N , Dual Source (Total 3.5 kVA Supply)'),(109,109,'Closed Rack 42U , (3.5 kVA), 2N , Dual Source (Total 3.5 kVA Supply)'),(110,110,'Closed Rack 42U , (3.5 kVA), 2N , Dual Source (Total 3.5 kVA Supply)'),(111,111,'Closed Rack 42U , (3.5 kVA), 2N , Dual Source (Total 3.5 kVA Supply)'),(112,112,'Closed Rack 42U , (3.5 kVA), 2N , Dual Source (Total 3.5 kVA Supply)'),(113,113,'Closed Rack 42U , (3.5 kVA), 2N , Dual Source (Total 3.5 kVA Supply)'),(114,114,'Closed Rack 42U , (3.5 kVA), 2N , Dual Source (Total 3.5 kVA Supply)'),(115,115,'Closed Rack 42U , (3.5 kVA), 2N , Dual Source (Total 3.5 kVA Supply)'),(116,116,'Closed Rack 42U , (3.5 kVA), 2N , Dual Source (Total 3.5 kVA Supply)'),(117,117,'Closed Rack 42U , (3.5 kVA), 2N , Dual Source (Total 3.5 kVA Supply)'),(118,118,'Closed Rack 42U , (3.5 kVA), 2N , Dual Source (Total 3.5 kVA Supply)'),(119,119,'Closed Rack 42U , (3.5 kVA), 2N , Dual Source (Total 3.5 kVA Supply)'),(120,120,'Closed Rack 42U , (3.5 kVA), 2N , Dual Source (Total 3.5 kVA Supply)'),(121,121,'Closed Rack 42U , (3.5 kVA), 2N , Dual Source (Total 3.5 kVA Supply)'),(122,122,'Closed Rack 42U , (3.5 kVA), 2N , Dual Source (Total 3.5 kVA Supply)'),(123,123,'Closed Rack 42U , (3.5 kVA), 2N , Dual Source (Total 3.5 kVA Supply)'),(124,124,'Closed Rack 42U , (3.5 kVA), 2N , Dual Source (Total 3.5 kVA Supply)'),(125,125,'Closed Rack 42U , (3.5 kVA), 2N , Dual Source (Total 3.5 kVA Supply)'),(126,126,'Closed Rack 42U , (3.5 kVA), 2N , Dual Source (Total 3.5 kVA Supply)'),(127,127,'Closed Rack 42U , (3.5 kVA), 2N , Dual Source (Total 3.5 kVA Supply)'),(128,128,'Closed Rack 42U , (3.5 kVA), 2N , Dual Source (Total 3.5 kVA Supply)'),(129,129,'Closed Rack 42U , (3.5 kVA), 2N , Dual Source (Total 3.5 kVA Supply)'),(130,130,'Closed Rack 42U , (3.5 kVA), 2N , Dual Source (Total 3.5 kVA Supply)'),(131,131,'Closed Rack 42U , (3.5 kVA), 2N , Dual Source (Total 3.5 kVA Supply)'),(132,132,'Closed Rack 42U , (3.5 kVA), 2N , Dual Source (Total 3.5 kVA Supply)'),(133,133,'Closed Rack 42U , (3.5 kVA), 2N , Dual Source (Total 3.5 kVA Supply)'),(134,134,'Closed Rack 42U , (3.5 kVA), 2N , Dual Source (Total 3.5 kVA Supply)'),(135,135,'Closed Rack 42U , (3.5 kVA), 2N , Dual Source (Total 3.5 kVA Supply)'),(136,136,'Closed Rack 42U , (3.5 kVA), 2N , Dual Source (Total 3.5 kVA Supply)'),(137,137,'Closed Rack 42U , (3.5 kVA), 2N , Dual Source (Total 3.5 kVA Supply)'),(138,138,'Closed Rack 42U , (3.5 kVA), 2N , Dual Source (Total 3.5 kVA Supply)'),(139,139,'Closed Rack 42U , (3.5 kVA), 2N , Dual Source (Total 3.5 kVA Supply)'),(140,140,'Closed Rack 42U , (3.5 kVA), 2N , Dual Source (Total 3.5 kVA Supply)'),(141,141,'Closed Rack 42U , (3.5 kVA), 2N , Dual Source (Total 3.5 kVA Supply)'),(142,142,'Closed Rack 42U , (3.5 kVA), 2N , Dual Source (Total 3.5 kVA Supply)'),(143,143,'Closed Rack 42U , (3.5 kVA), 2N , Dual Source (Total 3.5 kVA Supply)'),(144,144,'Closed Rack 42U , (3.5 kVA), 2N , Dual Source (Total 3.5 kVA Supply)'),(145,145,'Closed Rack 42U , (3.5 kVA), 2N , Dual Source (Total 3.5 kVA Supply)'),(146,146,'Closed Rack 42U , (3.5 kVA), 2N , Dual Source (Total 3.5 kVA Supply)'),(147,147,'Closed Rack 42U , (3.5 kVA), 2N , Dual Source (Total 3.5 kVA Supply)'),(148,148,'Closed Rack 42U , (3.5 kVA), 2N , Dual Source (Total 3.5 kVA Supply)'),(149,149,'Closed Rack 42U , (3.5 kVA), 2N , Dual Source (Total 3.5 kVA Supply)'),(150,150,'Closed Rack 42U , (3.5 kVA), 2N , Dual Source (Total 3.5 kVA Supply)'),(151,151,'Closed Rack 42U , (3.5 kVA), 2N , Dual Source (Total 3.5 kVA Supply)'),(152,152,'Closed Rack 42U , (3.5 kVA), 2N , Dual Source (Total 3.5 kVA Supply)'),(153,153,'Closed Rack 42U , (3.5 kVA), 2N , Dual Source (Total 3.5 kVA Supply)'),(154,154,'Closed Rack 42U , (3.5 kVA), 2N , Dual Source (Total 3.5 kVA Supply)'),(155,155,'Closed Rack 42U , (3.5 kVA), 2N , Dual Source (Total 3.5 kVA Supply)'),(156,156,'Closed Rack 42U , (3.5 kVA), 2N , Dual Source (Total 3.5 kVA Supply)'),(157,157,'Closed Rack 42U , (3.5 kVA), 2N , Dual Source (Total 3.5 kVA Supply)'),(158,158,'Closed Rack 42U , (3.5 kVA), 2N , Dual Source (Total 3.5 kVA Supply)'),(159,159,'Closed Rack 42U , (3.5 kVA), 2N , Dual Source (Total 3.5 kVA Supply)'),(160,160,'Closed Rack 42U , (3.5 kVA), 2N , Dual Source (Total 3.5 kVA Supply)'),(161,161,'Closed Rack 42U , (3.5 kVA), 2N , Dual Source (Total 3.5 kVA Supply)'),(162,162,'Closed Rack 42U , (3.5 kVA), 2N , Dual Source (Total 3.5 kVA Supply)'),(163,163,'Closed Rack 42U , (3.5 kVA), 2N , Dual Source (Total 3.5 kVA Supply)'),(164,164,'Closed Rack 42U , (3.5 kVA), 2N , Dual Source (Total 3.5 kVA Supply)'),(165,165,'Closed Rack 42U , (3.5 kVA), 2N , Dual Source (Total 3.5 kVA Supply)'),(166,166,'Closed Rack 42U , (3.5 kVA), 2N , Dual Source (Total 3.5 kVA Supply)'),(167,167,'Closed Rack 42U , (3.5 kVA), 2N , Dual Source (Total 3.5 kVA Supply)'),(168,168,'Closed Rack 42U , (3.5 kVA), 2N , Dual Source (Total 3.5 kVA Supply)'),(169,169,'Closed Rack 42U , (3.5 kVA), 2N , Dual Source (Total 3.5 kVA Supply)'),(170,170,'Closed Rack 42U , (3.5 kVA), 2N , Dual Source (Total 3.5 kVA Supply)'),(171,171,'Closed Rack 42U , (3.5 kVA), 2N , Dual Source (Total 3.5 kVA Supply)'),(172,172,'Closed Rack 42U , (3.5 kVA), 2N , Dual Source (Total 3.5 kVA Supply)'),(173,173,'Closed Rack 42U , (3.5 kVA), 2N , Dual Source (Total 3.5 kVA Supply)'),(174,174,'Closed Rack 42U , (3.5 kVA), 2N , Dual Source (Total 3.5 kVA Supply)'),(175,175,'Closed Rack 42U , (3.5 kVA), 2N , Dual Source (Total 3.5 kVA Supply)'),(176,176,'Closed Rack 42U , (3.5 kVA), 2N , Dual Source (Total 3.5 kVA Supply)'),(177,177,'Closed Rack 42U , (3.5 kVA), 2N , Dual Source (Total 3.5 kVA Supply)'),(178,178,'Closed Rack 42U , (3.5 kVA), 2N , Dual Source (Total 3.5 kVA Supply)'),(179,179,'Closed Rack 42U , (3.5 kVA), 2N , Dual Source (Total 3.5 kVA Supply)'),(180,180,'Closed Rack 42U , (3.5 kVA), 2N , Dual Source (Total 3.5 kVA Supply)'),(181,181,'Closed Rack 42U , (3.5 kVA), 2N , Dual Source (Total 3.5 kVA Supply)'),(182,182,'Closed Rack 42U , (3.5 kVA), 2N , Dual Source (Total 3.5 kVA Supply)'),(183,183,'Closed Rack 42U , (3.5 kVA), 2N , Dual Source (Total 3.5 kVA Supply)'),(184,184,'Closed Rack 42U , (3.5 kVA), 2N , Dual Source (Total 3.5 kVA Supply)'),(185,185,'Closed Rack 42U , (3.5 kVA), 2N , Dual Source (Total 3.5 kVA Supply)'),(186,186,'Closed Rack 42U , (3.5 kVA), 2N , Dual Source (Total 3.5 kVA Supply)'),(187,187,'Closed Rack 42U , (3.5 kVA), 2N , Dual Source (Total 3.5 kVA Supply)'),(188,188,'Closed Rack 42U , (3.5 kVA), 2N , Dual Source (Total 3.5 kVA Supply)'),(189,189,'Closed Rack 42U , (3.5 kVA), 2N , Dual Source (Total 3.5 kVA Supply)'),(190,190,'Closed Rack 42U , (3.5 kVA), 2N , Dual Source (Total 3.5 kVA Supply)'),(191,191,'Closed Rack 42U , (3.5 kVA), 2N , Dual Source (Total 3.5 kVA Supply)'),(192,192,'Closed Rack 42U , (3.5 kVA), 2N , Dual Source (Total 3.5 kVA Supply)'),(193,193,'Closed Rack 42U , (3.5 kVA), 2N , Dual Source (Total 3.5 kVA Supply)'),(194,194,'Closed Rack 42U , (3.5 kVA), 2N , Dual Source (Total 3.5 kVA Supply)'),(195,195,'Closed Rack 42U , (3.5 kVA), 2N , Dual Source (Total 3.5 kVA Supply)'),(196,196,'Closed Rack 42U , (3.5 kVA), 2N , Dual Source (Total 3.5 kVA Supply)'),(197,197,'Closed Rack 42U , (3.5 kVA), 2N , Dual Source (Total 3.5 kVA Supply)'),(198,198,'Closed Rack 42U , (3.5 kVA), 2N , Dual Source (Total 3.5 kVA Supply)'),(199,199,'Closed Rack 42U , (3.5 kVA), 2N , Dual Source (Total 3.5 kVA Supply)'),(200,200,'Closed Rack 42U , (3.5 kVA), 2N , Dual Source (Total 3.5 kVA Supply)'),(201,201,'Closed Rack 42U , (3.5 kVA), 2N , Dual Source (Total 3.5 kVA Supply)'),(202,202,'Closed Rack 42U , (3.5 kVA), 2N , Dual Source (Total 3.5 kVA Supply)'),(203,203,'Closed Rack 42U , (3.5 kVA), 2N , Dual Source (Total 3.5 kVA Supply)'),(204,204,'Closed Rack 42U , (3.5 kVA), 2N , Dual Source (Total 3.5 kVA Supply)'),(205,205,'Closed Rack 42U , (3.5 kVA), 2N , Dual Source (Total 3.5 kVA Supply)'),(206,206,'Closed Rack 42U , (3.5 kVA), 2N , Dual Source (Total 3.5 kVA Supply)'),(207,207,'Closed Rack 42U , (3.5 kVA), 2N , Dual Source (Total 3.5 kVA Supply)'),(208,208,'Closed Rack 42U , (3.5 kVA), 2N , Dual Source (Total 3.5 kVA Supply)'),(209,209,'Closed Rack 42U , (3.5 kVA), 2N , Dual Source (Total 3.5 kVA Supply)'),(210,210,'Closed Rack 42U , (3.5 kVA), 2N , Dual Source (Total 3.5 kVA Supply)'),(211,211,'Closed Rack 42U , (3.5 kVA), 2N , Dual Source (Total 3.5 kVA Supply)'),(212,212,'Closed Rack 42U , (3.5 kVA), 2N , Dual Source (Total 3.5 kVA Supply)'),(213,213,'Closed Rack 42U , (3.5 kVA), 2N , Dual Source (Total 3.5 kVA Supply)'),(214,214,'Closed Rack 42U , (3.5 kVA), 2N , Dual Source (Total 3.5 kVA Supply)'),(215,215,'Closed Rack 42U , (3.5 kVA), 2N , Dual Source (Total 3.5 kVA Supply)'),(216,216,'Closed Rack 42U , (3.5 kVA), 2N , Dual Source (Total 3.5 kVA Supply)'),(217,217,'Closed Rack 42U , (3.5 kVA), 2N , Dual Source (Total 3.5 kVA Supply)'),(218,218,'Closed Rack 42U , (3.5 kVA), 2N , Dual Source (Total 3.5 kVA Supply)'),(219,219,'Closed Rack 42U , (3.5 kVA), 2N , Dual Source (Total 3.5 kVA Supply)'),(220,220,'Closed Rack 42U , (3.5 kVA), 2N , Dual Source (Total 3.5 kVA Supply)'),(221,221,'Closed Rack 42U , (3.5 kVA), 2N , Dual Source (Total 3.5 kVA Supply)'),(222,222,'Closed Rack 42U , (3.5 kVA), 2N , Dual Source (Total 3.5 kVA Supply)'),(223,223,'Closed Rack 42U , (3.5 kVA), 2N , Dual Source (Total 3.5 kVA Supply)'),(224,224,'Closed Rack 42U , (3.5 kVA), 2N , Dual Source (Total 3.5 kVA Supply)'),(225,225,'Closed Rack 42U , (3.5 kVA), 2N , Dual Source (Total 3.5 kVA Supply)'),(226,226,'Closed Rack 42U , (3.5 kVA), 2N , Dual Source (Total 3.5 kVA Supply)'),(227,227,'Closed Rack 42U , (3.5 kVA), 2N , Dual Source (Total 3.5 kVA Supply)'),(228,228,'Closed Rack 42U , (3.5 kVA), 2N , Dual Source (Total 3.5 kVA Supply)'),(229,229,'Closed Rack 42U , (3.5 kVA), 2N , Dual Source (Total 3.5 kVA Supply)'),(230,230,'Closed Rack 42U , (3.5 kVA), 2N , Dual Source (Total 3.5 kVA Supply)'),(231,231,'Closed Rack 42U , (3.5 kVA), 2N , Dual Source (Total 3.5 kVA Supply)'),(232,232,'Closed Rack 42U , (3.5 kVA), 2N , Dual Source (Total 3.5 kVA Supply)'),(233,233,'Closed Rack 42U , (3.5 kVA), 2N , Dual Source (Total 3.5 kVA Supply)'),(234,234,'Closed Rack 42U , (3.5 kVA), 2N , Dual Source (Total 3.5 kVA Supply)'),(235,235,'Closed Rack 42U , (3.5 kVA), 2N , Dual Source (Total 3.5 kVA Supply)'),(236,236,'Closed Rack 42U , (3.5 kVA), 2N , Dual Source (Total 3.5 kVA Supply)'),(237,237,'Closed Rack 42U , (3.5 kVA), 2N , Dual Source (Total 3.5 kVA Supply)'),(238,238,'Closed Rack 42U , (3.5 kVA), 2N , Dual Source (Total 3.5 kVA Supply)'),(239,239,'Closed Rack 42U , (3.5 kVA), 2N , Dual Source (Total 3.5 kVA Supply)'),(240,240,'Closed Rack 42U , (3.5 kVA), 2N , Dual Source (Total 3.5 kVA Supply)'),(241,241,'Closed Rack 42U , (3.5 kVA), 2N , Dual Source (Total 3.5 kVA Supply)'),(242,242,'Closed Rack 42U , (3.5 kVA), 2N , Dual Source (Total 3.5 kVA Supply)'),(243,243,'Closed Rack 42U , (3.5 kVA), 2N , Dual Source (Total 3.5 kVA Supply)'),(244,244,'Closed Rack 42U , (3.5 kVA), 2N , Dual Source (Total 3.5 kVA Supply)'),(245,245,'Closed Rack 42U , (3.5 kVA), 2N , Dual Source (Total 3.5 kVA Supply)'),(246,246,'Closed Rack 42U , (3.5 kVA), 2N , Dual Source (Total 3.5 kVA Supply)'),(247,247,'Closed Rack 42U , (3.5 kVA), 2N , Dual Source (Total 3.5 kVA Supply)'),(248,248,'Closed Rack 42U , (3.5 kVA), 2N , Dual Source (Total 3.5 kVA Supply)'),(249,249,'Closed Rack 42U , (3.5 kVA), 2N , Dual Source (Total 3.5 kVA Supply)'),(250,250,'Closed Rack 42U , (3.5 kVA), 2N , Dual Source (Total 3.5 kVA Supply)'),(251,251,'Closed Rack 42U , (3.5 kVA), 2N , Dual Source (Total 3.5 kVA Supply)'),(252,252,'Closed Rack 42U , (3.5 kVA), 2N , Dual Source (Total 3.5 kVA Supply)'),(253,253,'Closed Rack 42U , (3.5 kVA), 2N , Dual Source (Total 3.5 kVA Supply)'),(254,254,'Closed Rack 42U , (3.5 kVA), 2N , Dual Source (Total 3.5 kVA Supply)'),(255,255,'Closed Rack 42U , (3.5 kVA), 2N , Dual Source (Total 3.5 kVA Supply)'),(256,256,'Closed Rack 42U , (3.5 kVA), 2N , Dual Source (Total 3.5 kVA Supply)'),(257,257,'Closed Rack 42U , (3.5 kVA), 2N , Dual Source (Total 3.5 kVA Supply)'),(258,258,'Closed Rack 42U , (3.5 kVA), 2N , Dual Source (Total 3.5 kVA Supply)'),(259,259,'Closed Rack 42U , (3.5 kVA), 2N , Dual Source (Total 3.5 kVA Supply)'),(260,260,'Closed Rack 42U , (3.5 kVA), 2N , Dual Source (Total 3.5 kVA Supply)'),(261,261,'Closed Rack 42U , (3.5 kVA), 2N , Dual Source (Total 3.5 kVA Supply)'),(262,262,'Closed Rack 42U , (3.5 kVA), 2N , Dual Source (Total 3.5 kVA Supply)'),(263,263,'Closed Rack 42U , (3.5 kVA), 2N , Dual Source (Total 3.5 kVA Supply)'),(264,264,'Closed Rack 42U , (3.5 kVA), 2N , Dual Source (Total 3.5 kVA Supply)'),(265,265,'Closed Rack 42U , (3.5 kVA), 2N , Dual Source (Total 3.5 kVA Supply)'),(266,266,'Closed Rack 42U , (3.5 kVA), 2N , Dual Source (Total 3.5 kVA Supply)'),(267,267,'Closed Rack 42U , (3.5 kVA), 2N , Dual Source (Total 3.5 kVA Supply)'),(268,268,'Closed Rack 42U , (3.5 kVA), 2N , Dual Source (Total 3.5 kVA Supply)'),(269,269,'Closed Rack 42U , (3.5 kVA), 2N , Dual Source (Total 3.5 kVA Supply)'),(270,270,'Closed Rack 42U , (3.5 kVA), 2N , Dual Source (Total 3.5 kVA Supply)'),(271,271,'Closed Rack 42U , (3.5 kVA), 2N , Dual Source (Total 3.5 kVA Supply)'),(272,272,'Closed Rack 42U , (3.5 kVA), 2N , Dual Source (Total 3.5 kVA Supply)'),(273,273,'Closed Rack 42U , (3.5 kVA), 2N , Dual Source (Total 3.5 kVA Supply)'),(274,274,'Closed Rack 42U , (3.5 kVA), 2N , Dual Source (Total 3.5 kVA Supply)'),(275,275,'Closed Rack 42U , (3.5 kVA), 2N , Dual Source (Total 3.5 kVA Supply)'),(276,276,'Closed Rack 42U , (3.5 kVA), 2N , Dual Source (Total 3.5 kVA Supply)'),(277,277,'Closed Rack 42U , (3.5 kVA), 2N , Dual Source (Total 3.5 kVA Supply)'),(278,278,'Closed Rack 42U , (3.5 kVA), 2N , Dual Source (Total 3.5 kVA Supply)'),(279,279,'Closed Rack 42U , (3.5 kVA), 2N , Dual Source (Total 3.5 kVA Supply)'),(280,280,'Closed Rack 42U , (3.5 kVA), 2N , Dual Source (Total 3.5 kVA Supply)'),(281,281,'Closed Rack 42U , (3.5 kVA), 2N , Dual Source (Total 3.5 kVA Supply)'),(282,282,'Closed Rack 42U , (3.5 kVA), 2N , Dual Source (Total 3.5 kVA Supply)'),(283,283,'Closed Rack 42U , (3.5 kVA), 2N , Dual Source (Total 3.5 kVA Supply)'),(284,284,'Closed Rack 42U , (3.5 kVA), 2N , Dual Source (Total 3.5 kVA Supply)'),(285,285,'Closed Rack 42U , (3.5 kVA), 2N , Dual Source (Total 3.5 kVA Supply)'),(286,286,'Closed Rack 42U , (3.5 kVA), 2N , Dual Source (Total 3.5 kVA Supply)'),(287,287,'Closed Rack 42U , (3.5 kVA), 2N , Dual Source (Total 3.5 kVA Supply)'),(288,288,'Closed Rack 42U , (3.5 kVA), 2N , Dual Source (Total 3.5 kVA Supply)'),(289,289,'Closed Rack 42U , (3.5 kVA), 2N , Dual Source (Total 3.5 kVA Supply)'),(290,290,'Closed Rack 42U , (3.5 kVA), 2N , Dual Source (Total 3.5 kVA Supply)'),(291,291,'Closed Rack 42U , (3.5 kVA), 2N , Dual Source (Total 3.5 kVA Supply)'),(292,292,'Closed Rack 42U , (3.5 kVA), 2N , Dual Source (Total 3.5 kVA Supply)'),(293,293,'Closed Rack 42U , (3.5 kVA), 2N , Dual Source (Total 3.5 kVA Supply)'),(294,294,'Closed Rack 42U , (3.5 kVA), 2N , Dual Source (Total 3.5 kVA Supply)'),(295,295,'Closed Rack 42U , (3.5 kVA), 2N , Dual Source (Total 3.5 kVA Supply)'),(296,296,'Closed Rack 42U , (3.5 kVA), 2N , Dual Source (Total 3.5 kVA Supply)'),(297,297,'Closed Rack 42U , (3.5 kVA), 2N , Dual Source (Total 3.5 kVA Supply)'),(298,298,'Closed Rack 42U , (3.5 kVA), 2N , Dual Source (Total 3.5 kVA Supply)'),(299,299,'Closed Rack 42U , (3.5 kVA), 2N , Dual Source (Total 3.5 kVA Supply)'),(300,300,'Closed Rack 42U , (3.5 kVA), 2N , Dual Source (Total 3.5 kVA Supply)'),(301,301,'Closed Rack 42U , (3.5 kVA), 2N , Dual Source (Total 3.5 kVA Supply)'),(302,302,'Closed Rack 42U , (3.5 kVA), 2N , Dual Source (Total 3.5 kVA Supply)'),(303,303,'Closed Rack 42U , (3.5 kVA), 2N , Dual Source (Total 3.5 kVA Supply)'),(304,304,'Closed Rack 42U , (3.5 kVA), 2N , Dual Source (Total 3.5 kVA Supply)'),(305,305,'Closed Rack 42U , (3.5 kVA), 2N , Dual Source (Total 3.5 kVA Supply)'),(306,306,'Closed Rack 42U , (3.5 kVA), 2N , Dual Source (Total 3.5 kVA Supply)'),(307,307,'Closed Rack 42U , (3.5 kVA), 2N , Dual Source (Total 3.5 kVA Supply)'),(308,308,'Closed Rack 42U , (3.5 kVA), 2N , Dual Source (Total 3.5 kVA Supply)'),(309,309,'Closed Rack 42U , (3.5 kVA), 2N , Dual Source (Total 3.5 kVA Supply)'),(310,310,'Closed Rack 42U , (3.5 kVA), 2N , Dual Source (Total 3.5 kVA Supply)'),(311,311,'Closed Rack 42U , (3.5 kVA), 2N , Dual Source (Total 3.5 kVA Supply)'),(312,312,'Closed Rack 42U , (3.5 kVA), 2N , Dual Source (Total 3.5 kVA Supply)'),(313,313,'Closed Rack 42U , (3.5 kVA), 2N , Dual Source (Total 3.5 kVA Supply)'),(314,314,'Closed Rack 42U , (3.5 kVA), 2N , Dual Source (Total 3.5 kVA Supply)'),(315,315,'Closed Rack 42U , (3.5 kVA), 2N , Dual Source (Total 3.5 kVA Supply)'),(316,316,'Closed Rack 42U , (3.5 kVA), 2N , Dual Source (Total 3.5 kVA Supply)'),(317,317,'Closed Rack 42U , (3.5 kVA), 2N , Dual Source (Total 3.5 kVA Supply)'),(318,318,'Closed Rack 42U , (3.5 kVA), 2N , Dual Source (Total 3.5 kVA Supply)'),(319,319,'Closed Rack 42U , (3.5 kVA), 2N , Dual Source (Total 3.5 kVA Supply)'),(320,320,'Closed Rack 42U , (3.5 kVA), 2N , Dual Source (Total 3.5 kVA Supply)'),(321,321,'Closed Rack 42U , (3.5 kVA), 2N , Dual Source (Total 3.5 kVA Supply)'),(322,322,'Closed Rack 42U , (3.5 kVA), 2N , Dual Source (Total 3.5 kVA Supply)'),(323,323,'Closed Rack 42U , (3.5 kVA), 2N , Dual Source (Total 3.5 kVA Supply)'),(324,324,'Closed Rack 42U , (3.5 kVA), 2N , Dual Source (Total 3.5 kVA Supply)'),(325,325,'Closed Rack 42U , (3.5 kVA), 2N , Dual Source (Total 3.5 kVA Supply)'),(326,326,'Closed Rack 42U , (3.5 kVA), 2N , Dual Source (Total 3.5 kVA Supply)'),(327,327,'Closed Rack 42U , (3.5 kVA), 2N , Dual Source (Total 3.5 kVA Supply)'),(328,328,'Closed Rack 42U , (3.5 kVA), 2N , Dual Source (Total 3.5 kVA Supply)'),(329,329,'Closed Rack 42U , (3.5 kVA), 2N , Dual Source (Total 3.5 kVA Supply)'),(330,330,'Closed Rack 42U , (3.5 kVA), 2N , Dual Source (Total 3.5 kVA Supply)'),(331,331,'Closed Rack 42U , (3.5 kVA), 2N , Dual Source (Total 3.5 kVA Supply)'),(332,332,'Closed Rack 42U , (3.5 kVA), 2N , Dual Source (Total 3.5 kVA Supply)'),(333,333,'Closed Rack 42U , (3.5 kVA), 2N , Dual Source (Total 3.5 kVA Supply)'),(334,334,'Closed Rack 42U , (3.5 kVA), 2N , Dual Source (Total 3.5 kVA Supply)'),(335,335,'Closed Rack 42U , (3.5 kVA), 2N , Dual Source (Total 3.5 kVA Supply)'),(336,336,'Closed Rack 42U , (3.5 kVA), 2N , Dual Source (Total 3.5 kVA Supply)'),(337,337,'Closed Rack 42U , (3.5 kVA), 2N , Dual Source (Total 3.5 kVA Supply)'),(338,338,'Closed Rack 42U , (3.5 kVA), 2N , Dual Source (Total 3.5 kVA Supply)'),(339,339,'Closed Rack 42U , (3.5 kVA), 2N , Dual Source (Total 3.5 kVA Supply)'),(340,340,'Closed Rack 42U , (3.5 kVA), 2N , Dual Source (Total 3.5 kVA Supply)'),(341,341,'Closed Rack 42U , (3.5 kVA), 2N , Dual Source (Total 3.5 kVA Supply)'),(342,342,'Closed Rack 42U , (3.5 kVA), 2N , Dual Source (Total 3.5 kVA Supply)'),(343,343,'Closed Rack 42U , (3.5 kVA), 2N , Dual Source (Total 3.5 kVA Supply)'),(344,344,'Closed Rack 42U , (3.5 kVA), 2N , Dual Source (Total 3.5 kVA Supply)'),(345,345,'Closed Rack 42U , (3.5 kVA), 2N , Dual Source (Total 3.5 kVA Supply)'),(346,346,'Closed Rack 42U , (3.5 kVA), 2N , Dual Source (Total 3.5 kVA Supply)'),(347,347,'Closed Rack 42U , (3.5 kVA), 2N , Dual Source (Total 3.5 kVA Supply)'),(348,348,'Closed Rack 42U , (3.5 kVA), 2N , Dual Source (Total 3.5 kVA Supply)'),(349,349,'Closed Rack 42U , (3.5 kVA), 2N , Dual Source (Total 3.5 kVA Supply)'),(350,350,'Closed Rack 42U , (3.5 kVA), 2N , Dual Source (Total 3.5 kVA Supply)'),(351,351,'Closed Rack 42U , (3.5 kVA), 2N , Dual Source (Total 3.5 kVA Supply)'),(352,352,'Closed Rack 42U , (3.5 kVA), 2N , Dual Source (Total 3.5 kVA Supply)'),(353,353,'Closed Rack 42U , (3.5 kVA), 2N , Dual Source (Total 3.5 kVA Supply)'),(354,354,'Closed Rack 42U , (3.5 kVA), 2N , Dual Source (Total 3.5 kVA Supply)'),(355,355,'Closed Rack 42U , (3.5 kVA), 2N , Dual Source (Total 3.5 kVA Supply)'),(356,356,'Closed Rack 42U , (3.5 kVA), 2N , Dual Source (Total 3.5 kVA Supply)'),(357,357,'Closed Rack 42U , (3.5 kVA), 2N , Dual Source (Total 3.5 kVA Supply)'),(358,358,'Closed Rack 42U , (3.5 kVA), 2N , Dual Source (Total 3.5 kVA Supply)'),(359,359,'Closed Rack 42U , (3.5 kVA), 2N , Dual Source (Total 3.5 kVA Supply)'),(360,360,'Closed Rack 42U , (3.5 kVA), 2N , Dual Source (Total 3.5 kVA Supply)'),(361,361,'Closed Rack 42U , (3.5 kVA), 2N , Dual Source (Total 3.5 kVA Supply)'),(362,362,'Closed Rack 42U , (3.5 kVA), 2N , Dual Source (Total 3.5 kVA Supply)'),(363,363,'Closed Rack 42U , (3.5 kVA), 2N , Dual Source (Total 3.5 kVA Supply)'),(364,364,'Closed Rack 42U , (3.5 kVA), 2N , Dual Source (Total 3.5 kVA Supply)'),(365,365,'Closed Rack 42U , (3.5 kVA), 2N , Dual Source (Total 3.5 kVA Supply)'),(366,366,'Closed Rack 42U , (3.5 kVA), 2N , Dual Source (Total 3.5 kVA Supply)'),(367,367,'Closed Rack 42U , (3.5 kVA), 2N , Dual Source (Total 3.5 kVA Supply)'),(368,368,'Closed Rack 42U , (3.5 kVA), 2N , Dual Source (Total 3.5 kVA Supply)'),(369,369,'Closed Rack 42U , (3.5 kVA), 2N , Dual Source (Total 3.5 kVA Supply)'),(370,370,'Closed Rack 42U , (3.5 kVA), 2N , Dual Source (Total 3.5 kVA Supply)'),(371,371,'Closed Rack 42U , (3.5 kVA), 2N , Dual Source (Total 3.5 kVA Supply)'),(372,372,'Closed Rack 42U , (3.5 kVA), 2N , Dual Source (Total 3.5 kVA Supply)'),(373,373,'Closed Rack 42U , (3.5 kVA), 2N , Dual Source (Total 3.5 kVA Supply)'),(374,374,'Closed Rack 42U , (3.5 kVA), 2N , Dual Source (Total 3.5 kVA Supply)'),(375,375,'Closed Rack 42U , (3.5 kVA), 2N , Dual Source (Total 3.5 kVA Supply)'),(376,376,'Closed Rack 42U , (3.5 kVA), 2N , Dual Source (Total 3.5 kVA Supply)'),(377,377,'Closed Rack 42U , (3.5 kVA), 2N , Dual Source (Total 3.5 kVA Supply)'),(378,378,'Closed Rack 42U , (3.5 kVA), 2N , Dual Source (Total 3.5 kVA Supply)'),(379,379,'Closed Rack 42U , (3.5 kVA), 2N , Dual Source (Total 3.5 kVA Supply)'),(380,380,'Closed Rack 42U , (3.5 kVA), 2N , Dual Source (Total 3.5 kVA Supply)'),(381,381,'Closed Rack 42U , (3.5 kVA), 2N , Dual Source (Total 3.5 kVA Supply)'),(382,382,'Closed Rack 42U , (3.5 kVA), 2N , Dual Source (Total 3.5 kVA Supply)'),(383,383,'Closed Rack 42U , (3.5 kVA), 2N , Dual Source (Total 3.5 kVA Supply)'),(384,384,'Closed Rack 42U , (3.5 kVA), 2N , Dual Source (Total 3.5 kVA Supply)'),(385,385,'Closed Rack 42U , (3.5 kVA), 2N , Dual Source (Total 3.5 kVA Supply)'),(386,386,'Closed Rack 42U , (3.5 kVA), 2N , Dual Source (Total 3.5 kVA Supply)'),(387,387,'Closed Rack 42U , (3.5 kVA), 2N , Dual Source (Total 3.5 kVA Supply)'),(388,388,'Closed Rack 42U , (3.5 kVA), 2N , Dual Source (Total 3.5 kVA Supply)'),(389,389,'Closed Rack 42U , (3.5 kVA), 2N , Dual Source (Total 3.5 kVA Supply)'),(390,390,'Closed Rack 42U , (3.5 kVA), 2N , Dual Source (Total 3.5 kVA Supply)'),(391,391,'Closed Rack 42U , (3.5 kVA), 2N , Dual Source (Total 3.5 kVA Supply)'),(392,392,'Closed Rack 42U , (3.5 kVA), 2N , Dual Source (Total 3.5 kVA Supply)'),(393,393,'Closed Rack 42U , (3.5 kVA), 2N , Dual Source (Total 3.5 kVA Supply)'),(394,394,'Closed Rack 42U , (3.5 kVA), 2N , Dual Source (Total 3.5 kVA Supply)'),(395,395,'Closed Rack 42U , (3.5 kVA), 2N , Dual Source (Total 3.5 kVA Supply)'),(396,396,'Closed Rack 42U , (3.5 kVA), 2N , Dual Source (Total 3.5 kVA Supply)'),(397,397,'Closed Rack 42U , (3.5 kVA), 2N , Dual Source (Total 3.5 kVA Supply)'),(398,398,'Closed Rack 42U , (3.5 kVA), 2N , Dual Source (Total 3.5 kVA Supply)'),(399,399,'Closed Rack 42U , (3.5 kVA), 2N , Dual Source (Total 3.5 kVA Supply)'),(400,400,'Closed Rack 42U , (3.5 kVA), 2N , Dual Source (Total 3.5 kVA Supply)'),(401,401,'Closed Rack 42U , (3.5 kVA), 2N , Dual Source (Total 3.5 kVA Supply)'),(402,402,'Closed Rack 42U , (3.5 kVA), 2N , Dual Source (Total 3.5 kVA Supply)'),(403,403,'Closed Rack 42U , (3.5 kVA), 2N , Dual Source (Total 3.5 kVA Supply)'),(404,404,'Closed Rack 42U , (3.5 kVA), 2N , Dual Source (Total 3.5 kVA Supply)'),(405,405,'Closed Rack 42U , (3.5 kVA), 2N , Dual Source (Total 3.5 kVA Supply)'),(406,406,'Closed Rack 42U , (3.5 kVA), 2N , Dual Source (Total 3.5 kVA Supply)'),(407,407,'Closed Rack 42U , (3.5 kVA), 2N , Dual Source (Total 3.5 kVA Supply)'),(408,408,'Closed Rack 42U , (3.5 kVA), 2N , Dual Source (Total 3.5 kVA Supply)'),(409,409,'Closed Rack 42U , (3.5 kVA), 2N , Dual Source (Total 3.5 kVA Supply)'),(410,410,'Closed Rack 42U , (3.5 kVA), 2N , Dual Source (Total 3.5 kVA Supply)'),(411,411,'Closed Rack 42U , (3.5 kVA), 2N , Dual Source (Total 3.5 kVA Supply)'),(412,412,'Closed Rack 42U , (3.5 kVA), 2N , Dual Source (Total 3.5 kVA Supply)'),(413,413,'Closed Rack 42U , (3.5 kVA), 2N , Dual Source (Total 3.5 kVA Supply)'),(414,414,'Closed Rack 42U , (3.5 kVA), 2N , Dual Source (Total 3.5 kVA Supply)'),(415,415,'Closed Rack 42U , (3.5 kVA), 2N , Dual Source (Total 3.5 kVA Supply)'),(416,416,'Closed Rack 42U , (3.5 kVA), 2N , Dual Source (Total 3.5 kVA Supply)'),(417,417,'Closed Rack 42U , (3.5 kVA), 2N , Dual Source (Total 3.5 kVA Supply)'),(418,418,'Closed Rack 42U , (3.5 kVA), 2N , Dual Source (Total 3.5 kVA Supply)'),(419,419,'Closed Rack 42U , (3.5 kVA), 2N , Dual Source (Total 3.5 kVA Supply)'),(420,420,'Closed Rack 42U , (3.5 kVA), 2N , Dual Source (Total 3.5 kVA Supply)'),(421,421,'Closed Rack 42U , (3.5 kVA), 2N , Dual Source (Total 3.5 kVA Supply)'),(422,422,'Closed Rack 42U , (3.5 kVA), 2N , Dual Source (Total 3.5 kVA Supply)'),(423,423,'Closed Rack 42U , (3.5 kVA), 2N , Dual Source (Total 3.5 kVA Supply)'),(424,424,'Closed Rack 42U , (3.5 kVA), 2N , Dual Source (Total 3.5 kVA Supply)'),(425,425,'Closed Rack 42U , (3.5 kVA), 2N , Dual Source (Total 3.5 kVA Supply)'),(426,426,'Closed Rack 42U , (3.5 kVA), 2N , Dual Source (Total 3.5 kVA Supply)'),(427,427,'Closed Rack 42U , (3.5 kVA), 2N , Dual Source (Total 3.5 kVA Supply)'),(428,428,'Closed Rack 42U , (3.5 kVA), 2N , Dual Source (Total 3.5 kVA Supply)'),(429,429,'Closed Rack 42U , (3.5 kVA), 2N , Dual Source (Total 3.5 kVA Supply)'),(430,430,'Closed Rack 42U , (3.5 kVA), 2N , Dual Source (Total 3.5 kVA Supply)'),(431,431,'Closed Rack 42U , (3.5 kVA), 2N , Dual Source (Total 3.5 kVA Supply)'),(432,432,'Closed Rack 42U , (3.5 kVA), 2N , Dual Source (Total 3.5 kVA Supply)'),(433,433,'Closed Rack 42U , (3.5 kVA), 2N , Dual Source (Total 3.5 kVA Supply)'),(434,434,'Closed Rack 42U , (3.5 kVA), 2N , Dual Source (Total 3.5 kVA Supply)'),(435,435,'Closed Rack 42U , (3.5 kVA), 2N , Dual Source (Total 3.5 kVA Supply)'),(436,436,'Closed Rack 42U , (3.5 kVA), 2N , Dual Source (Total 3.5 kVA Supply)'),(437,437,'Closed Rack 42U , (3.5 kVA), 2N , Dual Source (Total 3.5 kVA Supply)'),(438,438,'Closed Rack 42U , (3.5 kVA), 2N , Dual Source (Total 3.5 kVA Supply)'),(439,439,'Closed Rack 42U , (3.5 kVA), 2N , Dual Source (Total 3.5 kVA Supply)'),(440,440,'Closed Rack 42U , (3.5 kVA), 2N , Dual Source (Total 3.5 kVA Supply)'),(441,441,'Closed Rack 42U , (3.5 kVA), 2N , Dual Source (Total 3.5 kVA Supply)'),(442,442,'Closed Rack 42U , (3.5 kVA), 2N , Dual Source (Total 3.5 kVA Supply)'),(443,443,'Closed Rack 42U , (3.5 kVA), 2N , Dual Source (Total 3.5 kVA Supply)'),(444,444,'Closed Rack 42U , (3.5 kVA), 2N , Dual Source (Total 3.5 kVA Supply)'),(445,445,'Closed Rack 42U , (3.5 kVA), 2N , Dual Source (Total 3.5 kVA Supply)'),(446,446,'Closed Rack 42U , (3.5 kVA), 2N , Dual Source (Total 3.5 kVA Supply)'),(447,447,'Closed Rack 42U , (3.5 kVA), 2N , Dual Source (Total 3.5 kVA Supply)'),(448,448,'Closed Rack 42U , (3.5 kVA), 2N , Dual Source (Total 3.5 kVA Supply)'),(449,449,'Closed Rack 42U , (3.5 kVA), 2N , Dual Source (Total 3.5 kVA Supply)'),(450,450,'Closed Rack 42U , (3.5 kVA), 2N , Dual Source (Total 3.5 kVA Supply)'),(451,451,'Closed Rack 42U , (3.5 kVA), 2N , Dual Source (Total 3.5 kVA Supply)'),(452,452,'Closed Rack 42U , (3.5 kVA), 2N , Dual Source (Total 3.5 kVA Supply)'),(453,453,'Closed Rack 42U , (3.5 kVA), 2N , Dual Source (Total 3.5 kVA Supply)'),(454,454,'Closed Rack 42U , (3.5 kVA), 2N , Dual Source (Total 3.5 kVA Supply)'),(455,455,'Closed Rack 42U , (3.5 kVA), 2N , Dual Source (Total 3.5 kVA Supply)'),(456,456,'Closed Rack 42U , (3.5 kVA), 2N , Dual Source (Total 3.5 kVA Supply)'),(457,457,'Closed Rack 42U , (3.5 kVA), 2N , Dual Source (Total 3.5 kVA Supply)'),(458,458,'Closed Rack 42U , (3.5 kVA), 2N , Dual Source (Total 3.5 kVA Supply)'),(459,459,'Closed Rack 42U , (3.5 kVA), 2N , Dual Source (Total 3.5 kVA Supply)'),(460,460,'Closed Rack 42U , (3.5 kVA), 2N , Dual Source (Total 3.5 kVA Supply)'),(461,461,'Closed Rack 42U , (3.5 kVA), 2N , Dual Source (Total 3.5 kVA Supply)'),(462,462,'Closed Rack 42U , (3.5 kVA), 2N , Dual Source (Total 3.5 kVA Supply)'),(463,463,'Closed Rack 42U , (3.5 kVA), 2N , Dual Source (Total 3.5 kVA Supply)'),(464,464,'Closed Rack 42U , (3.5 kVA), 2N , Dual Source (Total 3.5 kVA Supply)'),(465,465,'Closed Rack 42U , (3.5 kVA), 2N , Dual Source (Total 3.5 kVA Supply)'),(466,466,'Closed Rack 42U , (3.5 kVA), 2N , Dual Source (Total 3.5 kVA Supply)'),(467,467,'Closed Rack 42U , (3.5 kVA), 2N , Dual Source (Total 3.5 kVA Supply)'),(468,468,'Closed Rack 42U , (3.5 kVA), 2N , Dual Source (Total 3.5 kVA Supply)'),(469,469,'Closed Rack 42U , (3.5 kVA), 2N , Dual Source (Total 3.5 kVA Supply)'),(470,470,'Closed Rack 42U , (3.5 kVA), 2N , Dual Source (Total 3.5 kVA Supply)'),(471,471,'Closed Rack 42U , (3.5 kVA), 2N , Dual Source (Total 3.5 kVA Supply)'),(472,472,'Closed Rack 42U , (3.5 kVA), 2N , Dual Source (Total 3.5 kVA Supply)'),(473,473,'Closed Rack 42U , (3.5 kVA), 2N , Dual Source (Total 3.5 kVA Supply)'),(474,474,'Closed Rack 42U , (3.5 kVA), 2N , Dual Source (Total 3.5 kVA Supply)'),(475,475,'Closed Rack 42U , (3.5 kVA), 2N , Dual Source (Total 3.5 kVA Supply)'),(476,476,'Closed Rack 42U , (3.5 kVA), 2N , Dual Source (Total 3.5 kVA Supply)'),(477,477,'Closed Rack 42U , (3.5 kVA), 2N , Dual Source (Total 3.5 kVA Supply)'),(478,478,'Closed Rack 42U , (3.5 kVA), 2N , Dual Source (Total 3.5 kVA Supply)'),(479,479,'Closed Rack 42U , (3.5 kVA), 2N , Dual Source (Total 3.5 kVA Supply)'),(480,480,'Closed Rack 42U , (3.5 kVA), 2N , Dual Source (Total 3.5 kVA Supply)'),(481,481,'Closed Rack 42U , (3.5 kVA), 2N , Dual Source (Total 3.5 kVA Supply)'),(482,482,'Closed Rack 42U , (3.5 kVA), 2N , Dual Source (Total 3.5 kVA Supply)'),(483,483,'Closed Rack 42U , (3.5 kVA), 2N , Dual Source (Total 3.5 kVA Supply)'),(484,484,'Closed Rack 42U , (3.5 kVA), 2N , Dual Source (Total 3.5 kVA Supply)'),(485,485,'Closed Rack 42U , (3.5 kVA), 2N , Dual Source (Total 3.5 kVA Supply)'),(486,486,'Closed Rack 42U , (3.5 kVA), 2N , Dual Source (Total 3.5 kVA Supply)'),(487,487,'Closed Rack 42U , (3.5 kVA), 2N , Dual Source (Total 3.5 kVA Supply)'),(488,488,'Closed Rack 42U , (3.5 kVA), 2N , Dual Source (Total 3.5 kVA Supply)'),(489,489,'Closed Rack 42U , (3.5 kVA), 2N , Dual Source (Total 3.5 kVA Supply)'),(490,490,'Closed Rack 42U , (3.5 kVA), 2N , Dual Source (Total 3.5 kVA Supply)'),(491,491,'Closed Rack 42U , (3.5 kVA), 2N , Dual Source (Total 3.5 kVA Supply)'),(492,492,'Closed Rack 42U , (3.5 kVA), 2N , Dual Source (Total 3.5 kVA Supply)'),(493,493,'Closed Rack 42U , (3.5 kVA), 2N , Dual Source (Total 3.5 kVA Supply)'),(494,494,'Closed Rack 42U , (3.5 kVA), 2N , Dual Source (Total 3.5 kVA Supply)'),(495,495,'Closed Rack 42U , (3.5 kVA), 2N , Dual Source (Total 3.5 kVA Supply)'),(496,496,'Closed Rack 42U , (3.5 kVA), 2N , Dual Source (Total 3.5 kVA Supply)'),(497,497,'Closed Rack 42U , (3.5 kVA), 2N , Dual Source (Total 3.5 kVA Supply)'),(498,498,'Closed Rack 42U , (3.5 kVA), 2N , Dual Source (Total 3.5 kVA Supply)'),(499,499,'Closed Rack 42U , (3.5 kVA), 2N , Dual Source (Total 3.5 kVA Supply)'),(500,500,'Closed Rack 42U , (3.5 kVA), 2N , Dual Source (Total 3.5 kVA Supply)'),(501,501,'Closed Rack 42U , (3.5 kVA), 2N , Dual Source (Total 3.5 kVA Supply)'),(502,502,'Closed Rack 42U , (3.5 kVA), 2N , Dual Source (Total 3.5 kVA Supply)'),(503,503,'Closed Rack 42U , (3.5 kVA), 2N , Dual Source (Total 3.5 kVA Supply)'),(504,504,'Closed Rack 42U , (3.5 kVA), 2N , Dual Source (Total 3.5 kVA Supply)'),(505,505,'Closed Rack 42U , (3.5 kVA), 2N , Dual Source (Total 3.5 kVA Supply)'),(506,506,'Closed Rack 42U , (3.5 kVA), 2N , Dual Source (Total 3.5 kVA Supply)'),(507,507,'Closed Rack 42U , (3.5 kVA), 2N , Dual Source (Total 3.5 kVA Supply)'),(508,508,'Closed Rack 42U , (3.5 kVA), 2N , Dual Source (Total 3.5 kVA Supply)'),(509,509,'Closed Rack 42U , (3.5 kVA), 2N , Dual Source (Total 3.5 kVA Supply)'),(510,510,'Closed Rack 42U , (3.5 kVA), 2N , Dual Source (Total 3.5 kVA Supply)'),(511,511,'Closed Rack 42U , (3.5 kVA), 2N , Dual Source (Total 3.5 kVA Supply)'),(512,512,'Closed Rack 42U , (3.5 kVA), 2N , Dual Source (Total 3.5 kVA Supply)'),(513,513,'Closed Rack 42U , (3.5 kVA), 2N , Dual Source (Total 3.5 kVA Supply)'),(514,514,'Closed Rack 42U , (3.5 kVA), 2N , Dual Source (Total 3.5 kVA Supply)'),(515,515,'Closed Rack 42U , (3.5 kVA), 2N , Dual Source (Total 3.5 kVA Supply)'),(516,516,'Closed Rack 42U , (3.5 kVA), 2N , Dual Source (Total 3.5 kVA Supply)'),(517,517,'Closed Rack 42U , (3.5 kVA), 2N , Dual Source (Total 3.5 kVA Supply)'),(518,518,'Closed Rack 42U , (3.5 kVA), 2N , Dual Source (Total 3.5 kVA Supply)'),(519,519,'Closed Rack 42U , (3.5 kVA), 2N , Dual Source (Total 3.5 kVA Supply)'),(520,520,'Closed Rack 42U , (3.5 kVA), 2N , Dual Source (Total 3.5 kVA Supply)'),(521,521,'Closed Rack 42U , (3.5 kVA), 2N , Dual Source (Total 3.5 kVA Supply)'),(522,522,'Closed Rack 42U , (3.5 kVA), 2N , Dual Source (Total 3.5 kVA Supply)'),(523,523,'Closed Rack 42U , (3.5 kVA), 2N , Dual Source (Total 3.5 kVA Supply)'),(524,524,'Closed Rack 42U , (3.5 kVA), 2N , Dual Source (Total 3.5 kVA Supply)'),(525,525,'Closed Rack 42U , (3.5 kVA), 2N , Dual Source (Total 3.5 kVA Supply)'),(526,526,'Closed Rack 42U , (3.5 kVA), 2N , Dual Source (Total 3.5 kVA Supply)'),(527,527,'Closed Rack 42U , (3.5 kVA), 2N , Dual Source (Total 3.5 kVA Supply)'),(528,528,'Closed Rack 42U , (3.5 kVA), 2N , Dual Source (Total 3.5 kVA Supply)'),(529,529,'Closed Rack 42U , (3.5 kVA), 2N , Dual Source (Total 3.5 kVA Supply)'),(530,530,'Closed Rack 42U , (3.5 kVA), 2N , Dual Source (Total 3.5 kVA Supply)'),(531,531,'Closed Rack 42U , (3.5 kVA), 2N , Dual Source (Total 3.5 kVA Supply)'),(532,532,'Closed Rack 42U , (3.5 kVA), 2N , Dual Source (Total 3.5 kVA Supply)'),(533,533,'Closed Rack 42U , (3.5 kVA), 2N , Dual Source (Total 3.5 kVA Supply)'),(534,534,'Closed Rack 42U , (3.5 kVA), 2N , Dual Source (Total 3.5 kVA Supply)'),(535,535,'Closed Rack 42U , (3.5 kVA), 2N , Dual Source (Total 3.5 kVA Supply)'),(536,536,'Closed Rack 42U , (3.5 kVA), 2N , Dual Source (Total 3.5 kVA Supply)'),(537,537,'Closed Rack 42U , (3.5 kVA), 2N , Dual Source (Total 3.5 kVA Supply)'),(538,538,'Closed Rack 42U , (3.5 kVA), 2N , Dual Source (Total 3.5 kVA Supply)');
/*!40000 ALTER TABLE `p_rackspec_ori` ENABLE KEYS */;
UNLOCK TABLES;

--
-- Table structure for table `p_rackstatus`
--

DROP TABLE IF EXISTS `p_rackstatus`;
/*!40101 SET @saved_cs_client     = @@character_set_client */;
/*!40101 SET character_set_client = utf8 */;
CREATE TABLE `p_rackstatus` (
  `id_rackstatus` int(11) NOT NULL AUTO_INCREMENT,
  `rackstatus` varchar(50) NOT NULL,
  `color_code1` varchar(11) DEFAULT NULL,
  `color_code2` varchar(11) DEFAULT NULL,
  `noted` varchar(50) DEFAULT NULL,
  PRIMARY KEY (`id_rackstatus`)
) ENGINE=InnoDB AUTO_INCREMENT=9 DEFAULT CHARSET=latin1;
/*!40101 SET character_set_client = @saved_cs_client */;

--
-- Dumping data for table `p_rackstatus`
--

LOCK TABLES `p_rackstatus` WRITE;
/*!40000 ALTER TABLE `p_rackstatus` DISABLE KEYS */;
INSERT INTO `p_rackstatus` VALUES (1,'Occupied Active Rack','#a6fc6c','#a6fc6c','Hijau'),(2,'Available Space with Rack','#a7aaa5','#a7aaa5','Abu'),(3,'Commited Booking','#f94d4d','#ffffff','Merah - Putih'),(4,'Uncommited Booking','#f94d4d','#f94d4d','Merah'),(5,'Not Active Space','#ffffff','#000000','Putih - Hitam'),(6,'Occupied Space','#a6fc6c','#ffffff','Hijau - Putih'),(7,'Available Rack One Day Services','#75deff','#75deff','Biru'),(8,'Available Space without Rack','#ffffff','#ffffff','Putih');
/*!40000 ALTER TABLE `p_rackstatus` ENABLE KEYS */;
UNLOCK TABLES;

--
-- Table structure for table `p_requester_type`
--

DROP TABLE IF EXISTS `p_requester_type`;
/*!40101 SET @saved_cs_client     = @@character_set_client */;
/*!40101 SET character_set_client = utf8 */;
CREATE TABLE `p_requester_type` (
  `id_requester_type` int(10) unsigned NOT NULL AUTO_INCREMENT,
  `id_role` int(10) unsigned NOT NULL,
  `requester_type` varchar(25) DEFAULT NULL,
  `is_active` int(10) unsigned DEFAULT '1',
  PRIMARY KEY (`id_requester_type`)
) ENGINE=InnoDB AUTO_INCREMENT=5 DEFAULT CHARSET=latin1;
/*!40101 SET character_set_client = @saved_cs_client */;

--
-- Dumping data for table `p_requester_type`
--

LOCK TABLES `p_requester_type` WRITE;
/*!40000 ALTER TABLE `p_requester_type` DISABLE KEYS */;
INSERT INTO `p_requester_type` VALUES (1,2,'AM Sigma Non BDC',1),(2,2,'AM Sigma BDC',1),(3,2,'AM Telkom Group',1),(4,2,'Other (Non AM)',1);
/*!40000 ALTER TABLE `p_requester_type` ENABLE KEYS */;
UNLOCK TABLES;

--
-- Table structure for table `p_role`
--

DROP TABLE IF EXISTS `p_role`;
/*!40101 SET @saved_cs_client     = @@character_set_client */;
/*!40101 SET character_set_client = utf8 */;
CREATE TABLE `p_role` (
  `id_role` int(11) NOT NULL AUTO_INCREMENT,
  `role` varchar(50) NOT NULL,
  `is_active` int(1) NOT NULL DEFAULT '1',
  PRIMARY KEY (`id_role`)
) ENGINE=InnoDB AUTO_INCREMENT=6 DEFAULT CHARSET=latin1;
/*!40101 SET character_set_client = @saved_cs_client */;

--
-- Dumping data for table `p_role`
--

LOCK TABLES `p_role` WRITE;
/*!40000 ALTER TABLE `p_role` DISABLE KEYS */;
INSERT INTO `p_role` VALUES (1,'Dispatcher',1),(2,'Requester',1),(3,'Validator',1),(4,'Superadmin',1),(5,'Admin Operation',1);
/*!40000 ALTER TABLE `p_role` ENABLE KEYS */;
UNLOCK TABLES;

--
-- Table structure for table `p_sector`
--

DROP TABLE IF EXISTS `p_sector`;
/*!40101 SET @saved_cs_client     = @@character_set_client */;
/*!40101 SET character_set_client = utf8 */;
CREATE TABLE `p_sector` (
  `id_sector` int(11) NOT NULL AUTO_INCREMENT,
  `sector_code` varchar(25) NOT NULL,
  `sector_name` varchar(50) NOT NULL,
  `is_active` int(1) NOT NULL DEFAULT '1',
  PRIMARY KEY (`id_sector`)
) ENGINE=InnoDB AUTO_INCREMENT=5 DEFAULT CHARSET=latin1;
/*!40101 SET character_set_client = @saved_cs_client */;

--
-- Dumping data for table `p_sector`
--

LOCK TABLES `p_sector` WRITE;
/*!40000 ALTER TABLE `p_sector` DISABLE KEYS */;
INSERT INTO `p_sector` VALUES (1,'NA','N/A',1),(2,'W','West Wing',1),(3,'C','Center',1),(4,'E','East Wing',1);
/*!40000 ALTER TABLE `p_sector` ENABLE KEYS */;
UNLOCK TABLES;

--
-- Table structure for table `p_selecttype`
--

DROP TABLE IF EXISTS `p_selecttype`;
/*!40101 SET @saved_cs_client     = @@character_set_client */;
/*!40101 SET character_set_client = utf8 */;
CREATE TABLE `p_selecttype` (
  `id_selecttype` int(11) unsigned NOT NULL AUTO_INCREMENT,
  `selecttype` varchar(50) NOT NULL DEFAULT '',
  PRIMARY KEY (`id_selecttype`)
) ENGINE=InnoDB AUTO_INCREMENT=3 DEFAULT CHARSET=latin1;
/*!40101 SET character_set_client = @saved_cs_client */;

--
-- Dumping data for table `p_selecttype`
--

LOCK TABLES `p_selecttype` WRITE;
/*!40000 ALTER TABLE `p_selecttype` DISABLE KEYS */;
INSERT INTO `p_selecttype` VALUES (1,'Radio Button'),(2,'Checkbox');
/*!40000 ALTER TABLE `p_selecttype` ENABLE KEYS */;
UNLOCK TABLES;

--
-- Table structure for table `p_statustransaksi`
--

DROP TABLE IF EXISTS `p_statustransaksi`;
/*!40101 SET @saved_cs_client     = @@character_set_client */;
/*!40101 SET character_set_client = utf8 */;
CREATE TABLE `p_statustransaksi` (
  `id_statustransaksi` int(11) NOT NULL AUTO_INCREMENT,
  `status_transaksi` varchar(20) DEFAULT NULL,
  PRIMARY KEY (`id_statustransaksi`)
) ENGINE=InnoDB AUTO_INCREMENT=6 DEFAULT CHARSET=latin1;
/*!40101 SET character_set_client = @saved_cs_client */;

--
-- Dumping data for table `p_statustransaksi`
--

LOCK TABLES `p_statustransaksi` WRITE;
/*!40000 ALTER TABLE `p_statustransaksi` DISABLE KEYS */;
INSERT INTO `p_statustransaksi` VALUES (1,'Initiate '),(2,'Proposal'),(3,'Negotiation'),(4,'Deal'),(5,'Drop');
/*!40000 ALTER TABLE `p_statustransaksi` ENABLE KEYS */;
UNLOCK TABLES;

--
-- Table structure for table `p_title`
--

DROP TABLE IF EXISTS `p_title`;
/*!40101 SET @saved_cs_client     = @@character_set_client */;
/*!40101 SET character_set_client = utf8 */;
CREATE TABLE `p_title` (
  `id_title` int(11) NOT NULL AUTO_INCREMENT,
  `emp_title` varchar(50) NOT NULL DEFAULT '',
  `is_active` int(11) NOT NULL DEFAULT '1',
  PRIMARY KEY (`id_title`)
) ENGINE=InnoDB AUTO_INCREMENT=7 DEFAULT CHARSET=latin1;
/*!40101 SET character_set_client = @saved_cs_client */;

--
-- Dumping data for table `p_title`
--

LOCK TABLES `p_title` WRITE;
/*!40000 ALTER TABLE `p_title` DISABLE KEYS */;
INSERT INTO `p_title` VALUES (1,'Head',1),(2,'Account Manager',1),(3,'Operation',1),(4,'Admin',1),(5,'Others',1);
/*!40000 ALTER TABLE `p_title` ENABLE KEYS */;
UNLOCK TABLES;

--
-- Table structure for table `p_user`
--

DROP TABLE IF EXISTS `p_user`;
/*!40101 SET @saved_cs_client     = @@character_set_client */;
/*!40101 SET character_set_client = utf8 */;
CREATE TABLE `p_user` (
  `id_user` int(11) NOT NULL AUTO_INCREMENT,
  `email` varchar(50) NOT NULL,
  `password` varchar(100) NOT NULL DEFAULT '',
  `nik` varchar(20) NOT NULL,
  `emp_name` varchar(50) NOT NULL,
  `id_title` int(11) NOT NULL,
  `id_whitelist` int(11) NOT NULL DEFAULT '1',
  `is_active` int(1) NOT NULL DEFAULT '1',
  `log_ip` text,
  `log_login` text,
  `last_login` timestamp NULL DEFAULT NULL,
  `create_time` timestamp NULL DEFAULT CURRENT_TIMESTAMP,
  `no_tlpn` varchar(15) DEFAULT NULL,
  `is_login` int(11) DEFAULT '0',
  `log_activity` timestamp NULL DEFAULT NULL,
  PRIMARY KEY (`id_user`),
  KEY `id_title` (`id_title`),
  KEY `id_whitelist` (`id_whitelist`),
  KEY `nik` (`nik`),
  CONSTRAINT `p_user_ibfk_2` FOREIGN KEY (`id_title`) REFERENCES `p_title` (`id_title`) ON DELETE CASCADE ON UPDATE CASCADE,
  CONSTRAINT `p_user_ibfk_3` FOREIGN KEY (`id_whitelist`) REFERENCES `p_whitelist_email` (`id_whitelist`) ON DELETE CASCADE ON UPDATE CASCADE
) ENGINE=InnoDB AUTO_INCREMENT=84 DEFAULT CHARSET=latin1;
/*!40101 SET character_set_client = @saved_cs_client */;

--
-- Dumping data for table `p_user`
--

LOCK TABLES `p_user` WRITE;
/*!40000 ALTER TABLE `p_user` DISABLE KEYS */;
INSERT INTO `p_user` VALUES (1,'admin@sigma.co.id','admin123','S201502163','User Admin',4,1,1,NULL,'118.97.82.196','2018-09-10 03:57:01','2018-07-29 18:52:09','021 381721',0,'2018-09-10 03:57:01'),(3,'dispatcher@sigma.co.id','dispatcher123','S201002123','User Dispatcher',1,1,0,NULL,'125.161.128.1','2018-09-09 12:30:14','2018-07-29 18:52:09','021 217262',0,'2018-09-09 12:30:14'),(4,'requester@sigma.co.id','requester123','S201611110','User Requester',2,1,0,NULL,'43.229.207.253','2018-09-06 09:58:11','2018-07-29 18:52:09','081291355912',0,'2018-09-06 09:58:11'),(5,'validator@sigma.co.id','validator123','S201708198','User Validator',3,1,0,NULL,'180.252.18.37','2018-09-02 16:10:18','2018-07-29 18:52:09','081111111',0,NULL),(31,'adminoperation@sigma.co.id','admin123','S12345678','Admin Operation',3,1,0,NULL,'118.97.82.196','2018-08-31 11:30:15','2018-08-01 02:47:34','0341 861268',0,NULL),(33,'mobileadmin@sigma.co.id','admin123','S123456788','Admin mobile',4,1,0,NULL,'118.97.82.196','2018-08-27 09:28:06','2018-08-01 02:47:34','0341 828127',0,NULL),(34,'mobile@sigma.co.id','mobile123','S123998','Mobile',4,1,0,'{\"REDIRECT_STATUS\":\"200\",\"HTTP_HOST\":\"43.229.207.253\",\"HTTP_CONNECTION\":\"keep-alive\",\"CONTENT_LENGTH\":\"118\",\"HTTP_CACHE_CONTROL\":\"max-age=0\",\"HTTP_ORIGIN\":\"http:\\/\\/43.229.207.253\",\"HTTP_UPGRADE_INSECURE_REQUESTS\":\"1\",\"CONTENT_TYPE\":\"application\\/x-www-form-urlencoded\",\"HTTP_USER_AGENT\":\"Mozilla\\/5.0 (Windows NT 10.0; Win64; x64) AppleWebKit\\/537.36 (KHTML, like Gecko) Chrome\\/68.0.3440.75 Safari\\/537.36\",\"HTTP_ACCEPT\":\"text\\/html,application\\/xhtml+xml,application\\/xml;q=0.9,image\\/webp,image\\/apng,*\\/*;q=0.8\",\"HTTP_REFERER\":\"http:\\/\\/43.229.207.253\\/TelkomDC\\/Register?Human=rJSmoJyhYaEuqzyuYay0DTqgLJyfYzAioD==\",\"HTTP_ACCEPT_ENCODING\":\"gzip, deflate\",\"HTTP_ACCEPT_LANGUAGE\":\"en-US,en;q=0.9\",\"HTTP_COOKIE\":\"ci_session=4ajomlk8pub9lb1e74u4dk1mccvfp8nf\",\"PATH\":\"\\/usr\\/local\\/sbin:\\/usr\\/local\\/bin:\\/usr\\/sbin:\\/usr\\/bin:\\/sbin:\\/bin\",\"SERVER_SIGNATURE\":\"<address>Apache\\/2.4.18 (Ubuntu) Server at 43.229.207.253 Port 80&lt;\\/address>\\n\",\"SERVER_SOFTWARE\":\"Apache\\/2.4.18 (Ubuntu)\",\"SERVER_NAME\":\"43.229.207.253\",\"SERVER_ADDR\":\"43.229.207.253\",\"SERVER_PORT\":\"80\",\"REMOTE_ADDR\":\"118.97.82.196\",\"DOCUMENT_ROOT\":\"\\/var\\/www\\/html\",\"REQUEST_SCHEME\":\"http\",\"CONTEXT_PREFIX\":\"\",\"CONTEXT_DOCUMENT_ROOT\":\"\\/var\\/www\\/html\",\"SERVER_ADMIN\":\"webmaster@localhost\",\"SCRIPT_FILENAME\":\"\\/var\\/www\\/html\\/TelkomDC\\/index.php\",\"REMOTE_PORT\":\"46694\",\"REDIRECT_URL\":\"\\/TelkomDC\\/Register\\/do_register\",\"GATEWAY_INTERFACE\":\"CGI\\/1.1\",\"SERVER_PROTOCOL\":\"HTTP\\/1.1\",\"REQUEST_METHOD\":\"POST\",\"QUERY_STRING\":\"\",\"REQUEST_URI\":\"\\/TelkomDC\\/Register\\/do_register\",\"SCRIPT_NAME\":\"\\/TelkomDC\\/index.php\",\"PATH_INFO\":\"\\/Register\\/do_register\",\"PATH_TRANSLATED\":\"\\/var\\/www\\/html\\/Register\\/do_register\",\"PHP_SELF\":\"\\/TelkomDC\\/index.php\\/Register\\/do_register\",\"REQUEST_TIME_FLOAT\":1533040162.974,\"REQUEST_TIME\":1533040162}','118.97.82.196','2018-08-31 09:18:00','2018-08-09 08:05:57','082223938877',0,NULL),(37,'novika.frentiana@sigma.co.id','KdMJnfbxw8','S201102212','NOVIKA DEWI FRENTIANA',2,1,1,'{\"REDIRECT_STATUS\":\"200\",\"HTTP_HOST\":\"43.229.207.253\",\"HTTP_CONNECTION\":\"keep-alive\",\"CONTENT_LENGTH\":\"139\",\"HTTP_CACHE_CONTROL\":\"max-age=0\",\"HTTP_ORIGIN\":\"http:\\/\\/43.229.207.253\",\"HTTP_UPGRADE_INSECURE_REQUESTS\":\"1\",\"CONTENT_TYPE\":\"application\\/x-www-form-urlencoded\",\"HTTP_USER_AGENT\":\"Mozilla\\/5.0 (Windows NT 10.0; Win64; x64) AppleWebKit\\/537.36 (KHTML, like Gecko) Chrome\\/67.0.3396.99 Safari\\/537.36\",\"HTTP_ACCEPT\":\"text\\/html,application\\/xhtml+xml,application\\/xml;q=0.9,image\\/webp,image\\/apng,*\\/*;q=0.8\",\"HTTP_REFERER\":\"http:\\/\\/43.229.207.253\\/TelkomDC\\/Register?Human=oz92nJguYzMlMJ50nJShLHOmnJqgLF5wol5cMN==\",\"HTTP_ACCEPT_ENCODING\":\"gzip, deflate\",\"HTTP_ACCEPT_LANGUAGE\":\"en-US,en;q=0.9\",\"HTTP_COOKIE\":\"ci_session=mjc3p45eqa3i9cd81iaoi51sjsjnbgh9\",\"PATH\":\"\\/usr\\/local\\/sbin:\\/usr\\/local\\/bin:\\/usr\\/sbin:\\/usr\\/bin:\\/sbin:\\/bin\",\"SERVER_SIGNATURE\":\"\",\"SERVER_SOFTWARE\":\"Apache\",\"SERVER_NAME\":\"43.229.207.253\",\"SERVER_ADDR\":\"43.229.207.253\",\"SERVER_PORT\":\"80\",\"REMOTE_ADDR\":\"118.97.82.196\",\"DOCUMENT_ROOT\":\"\\/var\\/www\\/html\",\"REQUEST_SCHEME\":\"http\",\"CONTEXT_PREFIX\":\"\",\"CONTEXT_DOCUMENT_ROOT\":\"\\/var\\/www\\/html\",\"SERVER_ADMIN\":\"webmaster@localhost\",\"SCRIPT_FILENAME\":\"\\/var\\/www\\/html\\/TelkomDC\\/index.php\",\"REMOTE_PORT\":\"19375\",\"REDIRECT_URL\":\"\\/TelkomDC\\/Register\\/do_register\",\"GATEWAY_INTERFACE\":\"CGI\\/1.1\",\"SERVER_PROTOCOL\":\"HTTP\\/1.1\",\"REQUEST_METHOD\":\"POST\",\"QUERY_STRING\":\"\",\"REQUEST_URI\":\"\\/TelkomDC\\/Register\\/do_register\",\"SCRIPT_NAME\":\"\\/TelkomDC\\/index.php\",\"PATH_INFO\":\"\\/Register\\/do_register\",\"PATH_TRANSLATED\":\"\\/var\\/www\\/html\\/Register\\/do_register\",\"PHP_SELF\":\"\\/TelkomDC\\/index.php\\/Register\\/do_register\",\"REQUEST_TIME_FLOAT\":1533886905.001,\"REQUEST_TIME\":1533886905}','43.229.207.253','2018-05-01 02:48:21','2018-08-10 07:41:45','081320193006',0,'2018-09-10 02:48:21'),(41,'rheza.hidayat@sigma.co.id','Semok123','S3m0x','rhezasemox',4,1,1,'{\"REDIRECT_STATUS\":\"200\",\"HTTP_HOST\":\"43.229.207.253\",\"HTTP_CONNECTION\":\"keep-alive\",\"CONTENT_LENGTH\":\"117\",\"HTTP_CACHE_CONTROL\":\"max-age=0\",\"HTTP_ORIGIN\":\"http:\\/\\/43.229.207.253\",\"HTTP_UPGRADE_INSECURE_REQUESTS\":\"1\",\"CONTENT_TYPE\":\"application\\/x-www-form-urlencoded\",\"HTTP_USER_AGENT\":\"Mozilla\\/5.0 (Windows NT 10.0; Win64; x64) AppleWebKit\\/537.36 (KHTML, like Gecko) Chrome\\/68.0.3440.106 Safari\\/537.36\",\"HTTP_ACCEPT\":\"text\\/html,application\\/xhtml+xml,application\\/xml;q=0.9,image\\/webp,image\\/apng,*\\/*;q=0.8\",\"HTTP_REFERER\":\"http:\\/\\/43.229.207.253\\/TelkomDC\\/Register?Human=pzuyrzRhnTyxLKyuqROmnJqgLF5wol5cMN==\",\"HTTP_ACCEPT_ENCODING\":\"gzip, deflate\",\"HTTP_ACCEPT_LANGUAGE\":\"en-US,en;q=0.9\",\"HTTP_COOKIE\":\"ci_session=oeivlqq40phdnht1cc7viviomb6857rm\",\"PATH\":\"\\/usr\\/local\\/sbin:\\/usr\\/local\\/bin:\\/usr\\/sbin:\\/usr\\/bin:\\/sbin:\\/bin\",\"SERVER_SIGNATURE\":\"\",\"SERVER_SOFTWARE\":\"Apache\",\"SERVER_NAME\":\"43.229.207.253\",\"SERVER_ADDR\":\"43.229.207.253\",\"SERVER_PORT\":\"80\",\"REMOTE_ADDR\":\"125.161.101.149\",\"DOCUMENT_ROOT\":\"\\/var\\/www\\/html\",\"REQUEST_SCHEME\":\"http\",\"CONTEXT_PREFIX\":\"\",\"CONTEXT_DOCUMENT_ROOT\":\"\\/var\\/www\\/html\",\"SERVER_ADMIN\":\"webmaster@localhost\",\"SCRIPT_FILENAME\":\"\\/var\\/www\\/html\\/TelkomDC\\/index.php\",\"REMOTE_PORT\":\"53222\",\"REDIRECT_URL\":\"\\/TelkomDC\\/Register\\/do_register\",\"GATEWAY_INTERFACE\":\"CGI\\/1.1\",\"SERVER_PROTOCOL\":\"HTTP\\/1.1\",\"REQUEST_METHOD\":\"POST\",\"QUERY_STRING\":\"\",\"REQUEST_URI\":\"\\/TelkomDC\\/Register\\/do_register\",\"SCRIPT_NAME\":\"\\/TelkomDC\\/index.php\",\"PATH_INFO\":\"\\/Register\\/do_register\",\"PATH_TRANSLATED\":\"\\/var\\/www\\/html\\/Register\\/do_register\",\"PHP_SELF\":\"\\/TelkomDC\\/index.php\\/Register\\/do_register\",\"REQUEST_TIME_FLOAT\":1534364291.542,\"REQUEST_TIME\":1534364291}','118.97.82.196','2018-09-10 11:41:55','2018-08-15 20:18:11','081291355912',0,'2018-09-10 11:41:55'),(49,'fiki.robby@sigma.co.id','awds','S20171987','Fiki Kurnia Robby',5,1,1,'','43.229.207.253','2018-09-12 02:51:17','2018-08-23 08:42:36','0341',0,'2018-09-12 02:51:17'),(50,'andri.pranolo@sigma.co.id','andri','S201106010','Andri Pranolo',1,1,1,'{\"REDIRECT_STATUS\":\"200\",\"HTTP_HOST\":\"43.229.207.253\",\"HTTP_CONNECTION\":\"keep-alive\",\"CONTENT_LENGTH\":\"128\",\"HTTP_CACHE_CONTROL\":\"max-age=0\",\"HTTP_ORIGIN\":\"http:\\/\\/43.229.207.253\",\"HTTP_UPGRADE_INSECURE_REQUESTS\":\"1\",\"CONTENT_TYPE\":\"application\\/x-www-form-urlencoded\",\"HTTP_USER_AGENT\":\"Mozilla\\/5.0 (Windows NT 10.0; Win64; x64) AppleWebKit\\/537.36 (KHTML, like Gecko) Chrome\\/68.0.3440.106 Safari\\/537.36\",\"HTTP_ACCEPT\":\"text\\/html,application\\/xhtml+xml,application\\/xml;q=0.9,image\\/webp,image\\/apng,*\\/*;q=0.8\",\"HTTP_REFERER\":\"http:\\/\\/43.229.207.253\\/TelkomDC\\/Register?Human=LJ5xpzxhpUWuoz9fo0OmnJqgLF5wol5cMN==\",\"HTTP_ACCEPT_ENCODING\":\"gzip, deflate\",\"HTTP_ACCEPT_LANGUAGE\":\"en-US,en;q=0.9\",\"HTTP_COOKIE\":\"ci_session=ci0rnnvmv6gnuqsd16vavjlkg3fim034\",\"PATH\":\"\\/usr\\/local\\/sbin:\\/usr\\/local\\/bin:\\/usr\\/sbin:\\/usr\\/bin:\\/sbin:\\/bin\",\"SERVER_SIGNATURE\":\"\",\"SERVER_SOFTWARE\":\"Apache\",\"SERVER_NAME\":\"43.229.207.253\",\"SERVER_ADDR\":\"43.229.207.253\",\"SERVER_PORT\":\"80\",\"REMOTE_ADDR\":\"118.97.82.218\",\"DOCUMENT_ROOT\":\"\\/var\\/www\\/html\",\"REQUEST_SCHEME\":\"http\",\"CONTEXT_PREFIX\":\"\",\"CONTEXT_DOCUMENT_ROOT\":\"\\/var\\/www\\/html\",\"SERVER_ADMIN\":\"webmaster@localhost\",\"SCRIPT_FILENAME\":\"\\/var\\/www\\/html\\/TelkomDC\\/index.php\",\"REMOTE_PORT\":\"32048\",\"REDIRECT_URL\":\"\\/TelkomDC\\/Register\\/do_register\",\"GATEWAY_INTERFACE\":\"CGI\\/1.1\",\"SERVER_PROTOCOL\":\"HTTP\\/1.1\",\"REQUEST_METHOD\":\"POST\",\"QUERY_STRING\":\"\",\"REQUEST_URI\":\"\\/TelkomDC\\/Register\\/do_register\",\"SCRIPT_NAME\":\"\\/TelkomDC\\/index.php\",\"PATH_INFO\":\"\\/Register\\/do_register\",\"PATH_TRANSLATED\":\"\\/var\\/www\\/html\\/Register\\/do_register\",\"PHP_SELF\":\"\\/TelkomDC\\/index.php\\/Register\\/do_register\",\"REQUEST_TIME_FLOAT\":1535097155.647,\"REQUEST_TIME\":1535097155}','43.229.207.253','2018-08-28 14:15:10','2018-08-24 07:52:35','081395858788',0,NULL),(52,'eugene.siagian@sigma.co.id','j40p7Zy2td','S2014060120','Eugene Johannes Siagian',1,1,1,'{\"REDIRECT_STATUS\":\"200\",\"HTTP_HOST\":\"43.229.207.253\",\"HTTP_CONNECTION\":\"keep-alive\",\"CONTENT_LENGTH\":\"139\",\"HTTP_CACHE_CONTROL\":\"max-age=0\",\"HTTP_ORIGIN\":\"http:\\/\\/43.229.207.253\",\"HTTP_UPGRADE_INSECURE_REQUESTS\":\"1\",\"CONTENT_TYPE\":\"application\\/x-www-form-urlencoded\",\"HTTP_USER_AGENT\":\"Mozilla\\/5.0 (Macintosh; Intel Mac OS X 10_13_6) AppleWebKit\\/537.36 (KHTML, like Gecko) Chrome\\/68.0.3440.106 Safari\\/537.36\",\"HTTP_ACCEPT\":\"text\\/html,application\\/xhtml+xml,application\\/xml;q=0.9,image\\/webp,image\\/apng,*\\/*;q=0.8\",\"HTTP_REFERER\":\"http:\\/\\/43.229.207.253\\/TelkomDC\\/Register\",\"HTTP_ACCEPT_ENCODING\":\"gzip, deflate\",\"HTTP_ACCEPT_LANGUAGE\":\"en-US,en;q=0.9\",\"HTTP_COOKIE\":\"ci_session=894hoje6dalevdd7ki4he775arn94a4c\",\"PATH\":\"\\/usr\\/local\\/sbin:\\/usr\\/local\\/bin:\\/usr\\/sbin:\\/usr\\/bin:\\/sbin:\\/bin\",\"SERVER_SIGNATURE\":\"\",\"SERVER_SOFTWARE\":\"Apache\",\"SERVER_NAME\":\"43.229.207.253\",\"SERVER_ADDR\":\"43.229.207.253\",\"SERVER_PORT\":\"80\",\"REMOTE_ADDR\":\"118.97.82.196\",\"DOCUMENT_ROOT\":\"\\/var\\/www\\/html\",\"REQUEST_SCHEME\":\"http\",\"CONTEXT_PREFIX\":\"\",\"CONTEXT_DOCUMENT_ROOT\":\"\\/var\\/www\\/html\",\"SERVER_ADMIN\":\"webmaster@localhost\",\"SCRIPT_FILENAME\":\"\\/var\\/www\\/html\\/TelkomDC\\/index.php\",\"REMOTE_PORT\":\"59914\",\"REDIRECT_URL\":\"\\/TelkomDC\\/Register\\/do_register\",\"GATEWAY_INTERFACE\":\"CGI\\/1.1\",\"SERVER_PROTOCOL\":\"HTTP\\/1.1\",\"REQUEST_METHOD\":\"POST\",\"QUERY_STRING\":\"\",\"REQUEST_URI\":\"\\/TelkomDC\\/Register\\/do_register\",\"SCRIPT_NAME\":\"\\/TelkomDC\\/index.php\",\"PATH_INFO\":\"\\/Register\\/do_register\",\"PATH_TRANSLATED\":\"\\/var\\/www\\/html\\/Register\\/do_register\",\"PHP_SELF\":\"\\/TelkomDC\\/index.php\\/Register\\/do_register\",\"REQUEST_TIME_FLOAT\":1535441435.191,\"REQUEST_TIME\":1535441435}','118.97.82.196','2018-08-31 02:23:07','2018-08-28 07:30:35','08123567357',0,NULL),(53,'nikko.posdoroha@sigma.co.id','S1gm@','S201301013','Nikko posdoroha',1,1,1,NULL,'43.229.207.253','2018-09-10 03:40:28','2018-08-30 09:31:40','081316862343',0,'2018-09-10 03:40:28'),(54,'yoga.hermanto@sigma.co.id','S1gm@','S201506153','Yoga Hermanto',2,1,1,NULL,NULL,NULL,'2018-08-30 09:31:40','081373333308',0,NULL),(55,'romeotyadie.joenoes@sigma.co.id','S1gm@','S201607153','Romeotyadie',2,1,1,NULL,NULL,NULL,'2018-08-30 09:31:40','082111643000',0,NULL),(56,'camelia.noor@sigma.co.id','S1gm@','S2017120102','camelia Absah Noor',2,1,1,NULL,'43.229.207.253','2018-09-10 04:00:27','2018-08-30 09:31:40','081293952800',0,'2018-09-10 04:00:27'),(57,'septy_cholida@sigma.co.id','S1gm@','S200405040','Septy aini cholida',2,1,1,NULL,'43.229.207.253','2018-09-10 03:23:15','2018-08-30 09:31:40','082147943393',0,'2018-09-10 03:23:15'),(58,'anjas_kurniawan@sigma.co.id','S1gm@','S200103012','Anjas kurniawan',2,1,1,NULL,NULL,NULL,'2018-08-30 09:31:40','085966698207',0,NULL),(59,'reza.restiani@sigma.co.id','S1gm@','S201608151','Reza restiani',2,1,1,NULL,'43.229.207.253','2018-09-02 11:43:08','2018-08-30 09:31:40','082217903441',0,NULL),(61,'candra.wibawa@sigma.co.id','sigma','S2018040103','Candra Aw',2,1,1,'','43.229.207.253','2018-09-07 07:00:50','2018-09-03 07:25:56','08112131505',0,'2018-09-07 07:00:50'),(62,'alvian.bachtiar@sigma.co.id','awds','S1945','Sapri',5,1,1,'','43.229.207.253','2018-09-06 04:17:23','2018-09-03 09:37:19','0341',0,'2018-09-06 04:19:57'),(63,'priyadi@sigma.co.id','awdsawds','S1945','Priyadi',5,1,1,'{\"REDIRECT_STATUS\":\"200\",\"HTTP_HOST\":\"43.229.207.253\",\"HTTP_CONNECTION\":\"keep-alive\",\"CONTENT_LENGTH\":\"102\",\"HTTP_CACHE_CONTROL\":\"max-age=0\",\"HTTP_ORIGIN\":\"http:\\/\\/43.229.207.253\",\"HTTP_UPGRADE_INSECURE_REQUESTS\":\"1\",\"CONTENT_TYPE\":\"application\\/x-www-form-urlencoded\",\"HTTP_USER_AGENT\":\"Mozilla\\/5.0 (Windows NT 10.0; Win64; x64) AppleWebKit\\/537.36 (KHTML, like Gecko) Chrome\\/68.0.3440.106 Safari\\/537.36\",\"HTTP_ACCEPT\":\"text\\/html,application\\/xhtml+xml,application\\/xml;q=0.9,image\\/webp,image\\/apng,*\\/*;q=0.8\",\"HTTP_REFERER\":\"http:\\/\\/43.229.207.253\\/TelkomDC\\/Register\",\"HTTP_ACCEPT_ENCODING\":\"gzip, deflate\",\"HTTP_ACCEPT_LANGUAGE\":\"id\",\"HTTP_COOKIE\":\"ci_session=kd85c0ukr6a3ujb1ogc7omgjuhcp0toa\",\"PATH\":\"\\/usr\\/local\\/sbin:\\/usr\\/local\\/bin:\\/usr\\/sbin:\\/usr\\/bin:\\/sbin:\\/bin\",\"SERVER_SIGNATURE\":\"\",\"SERVER_SOFTWARE\":\"Apache\",\"SERVER_NAME\":\"43.229.207.253\",\"SERVER_ADDR\":\"43.229.207.253\",\"SERVER_PORT\":\"80\",\"REMOTE_ADDR\":\"118.97.82.196\",\"DOCUMENT_ROOT\":\"\\/var\\/www\\/html\",\"REQUEST_SCHEME\":\"http\",\"CONTEXT_PREFIX\":\"\",\"CONTEXT_DOCUMENT_ROOT\":\"\\/var\\/www\\/html\",\"SERVER_ADMIN\":\"webmaster@localhost\",\"SCRIPT_FILENAME\":\"\\/var\\/www\\/html\\/TelkomDC\\/index.php\",\"REMOTE_PORT\":\"12315\",\"REDIRECT_URL\":\"\\/TelkomDC\\/Register\\/do_register\",\"GATEWAY_INTERFACE\":\"CGI\\/1.1\",\"SERVER_PROTOCOL\":\"HTTP\\/1.1\",\"REQUEST_METHOD\":\"POST\",\"QUERY_STRING\":\"\",\"REQUEST_URI\":\"\\/TelkomDC\\/Register\\/do_register\",\"SCRIPT_NAME\":\"\\/TelkomDC\\/index.php\",\"PATH_INFO\":\"\\/Register\\/do_register\",\"PATH_TRANSLATED\":\"\\/var\\/www\\/html\\/Register\\/do_register\",\"PHP_SELF\":\"\\/TelkomDC\\/index.php\\/Register\\/do_register\",\"REQUEST_TIME_FLOAT\":1535967505.01,\"REQUEST_TIME\":1535967505}','43.229.207.253','2018-09-10 10:43:37','2018-09-03 09:38:25','0341',0,'2018-09-10 10:43:37'),(70,'novalia.kristanti@sigma.co.id','Novaliapopy17','S2018','Novalia',5,1,1,'{\"REDIRECT_STATUS\":\"200\",\"CONTENT_LENGTH\":\"120\",\"HTTP_ORIGIN\":\"http:\\/\\/43.229.207.253\",\"HTTP_UPGRADE_INSECURE_REQUESTS\":\"1\",\"CONTENT_TYPE\":\"application\\/x-www-form-urlencoded\",\"HTTP_USER_AGENT\":\"Mozilla\\/5.0 (Windows NT 10.0; Win64; x64) AppleWebKit\\/537.36 (KHTML, like Gecko) Chrome\\/66.0.3359.181 Safari\\/537.36\",\"HTTP_ACCEPT\":\"text\\/html,application\\/xhtml+xml,application\\/xml;q=0.9,image\\/webp,image\\/apng,*\\/*;q=0.8\",\"HTTP_REFERER\":\"http:\\/\\/43.229.207.253\\/TelkomDC\\/Register\",\"HTTP_ACCEPT_ENCODING\":\"gzip, deflate\",\"HTTP_ACCEPT_LANGUAGE\":\"en-US,en;q=0.9\",\"HTTP_COOKIE\":\"_ga=GA1.1.646590520.1532329636; ci_session=olls5e4ot9hk0beiq65lv8tesoafofc9\",\"HTTP_HOST\":\"43.229.207.253\",\"HTTP_VIA\":\"1.1 dc-ex-ru-7 (squid\\/3.5.27)\",\"HTTP_CACHE_CONTROL\":\"max-age=0\",\"HTTP_CONNECTION\":\"keep-alive\",\"PATH\":\"\\/usr\\/local\\/sbin:\\/usr\\/local\\/bin:\\/usr\\/sbin:\\/usr\\/bin:\\/sbin:\\/bin\",\"SERVER_SIGNATURE\":\"\",\"SERVER_SOFTWARE\":\"Apache\",\"SERVER_NAME\":\"43.229.207.253\",\"SERVER_ADDR\":\"43.229.207.253\",\"SERVER_PORT\":\"80\",\"REMOTE_ADDR\":\"194.67.214.246\",\"DOCUMENT_ROOT\":\"\\/var\\/www\\/html\",\"REQUEST_SCHEME\":\"http\",\"CONTEXT_PREFIX\":\"\",\"CONTEXT_DOCUMENT_ROOT\":\"\\/var\\/www\\/html\",\"SERVER_ADMIN\":\"webmaster@localhost\",\"SCRIPT_FILENAME\":\"\\/var\\/www\\/html\\/TelkomDC\\/index.php\",\"REMOTE_PORT\":\"20407\",\"REDIRECT_URL\":\"\\/TelkomDC\\/Register\\/do_register\",\"GATEWAY_INTERFACE\":\"CGI\\/1.1\",\"SERVER_PROTOCOL\":\"HTTP\\/1.1\",\"REQUEST_METHOD\":\"POST\",\"QUERY_STRING\":\"\",\"REQUEST_URI\":\"\\/TelkomDC\\/Register\\/do_register\",\"SCRIPT_NAME\":\"\\/TelkomDC\\/index.php\",\"PATH_INFO\":\"\\/Register\\/do_register\",\"PATH_TRANSLATED\":\"\\/var\\/www\\/html\\/Register\\/do_register\",\"PHP_SELF\":\"\\/TelkomDC\\/index.php\\/Register\\/do_register\",\"REQUEST_TIME_FLOAT\":1536031500.397,\"REQUEST_TIME\":1536031500}','118.97.82.196','2018-09-12 02:42:31','2018-09-04 03:25:00','081216317539',1,'2018-09-12 02:42:31'),(72,'dani.marwani@sigma.co.id','awds','S201802211','Dani Sungkar',5,1,1,'{\"REDIRECT_STATUS\":\"200\",\"HTTP_HOST\":\"43.229.207.253\",\"HTTP_CONNECTION\":\"keep-alive\",\"CONTENT_LENGTH\":\"125\",\"HTTP_CACHE_CONTROL\":\"max-age=0\",\"HTTP_ORIGIN\":\"http:\\/\\/43.229.207.253\",\"HTTP_UPGRADE_INSECURE_REQUESTS\":\"1\",\"CONTENT_TYPE\":\"application\\/x-www-form-urlencoded\",\"HTTP_USER_AGENT\":\"Mozilla\\/5.0 (Windows NT 10.0; Win64; x64) AppleWebKit\\/537.36 (KHTML, like Gecko) Chrome\\/69.0.3497.81 Safari\\/537.36\",\"HTTP_ACCEPT\":\"text\\/html,application\\/xhtml+xml,application\\/xml;q=0.9,image\\/webp,image\\/apng,*\\/*;q=0.8\",\"HTTP_REFERER\":\"http:\\/\\/43.229.207.253\\/TelkomDC\\/Register\",\"HTTP_ACCEPT_ENCODING\":\"gzip, deflate\",\"HTTP_ACCEPT_LANGUAGE\":\"id\",\"HTTP_COOKIE\":\"ci_session=tbgrfa24t20cjmuarg6gsp9cqk1opc32\",\"PATH\":\"\\/usr\\/local\\/sbin:\\/usr\\/local\\/bin:\\/usr\\/sbin:\\/usr\\/bin:\\/sbin:\\/bin\",\"SERVER_SIGNATURE\":\"\",\"SERVER_SOFTWARE\":\"Apache\",\"SERVER_NAME\":\"43.229.207.253\",\"SERVER_ADDR\":\"43.229.207.253\",\"SERVER_PORT\":\"80\",\"REMOTE_ADDR\":\"118.97.82.196\",\"DOCUMENT_ROOT\":\"\\/var\\/www\\/html\",\"REQUEST_SCHEME\":\"http\",\"CONTEXT_PREFIX\":\"\",\"CONTEXT_DOCUMENT_ROOT\":\"\\/var\\/www\\/html\",\"SERVER_ADMIN\":\"webmaster@localhost\",\"SCRIPT_FILENAME\":\"\\/var\\/www\\/html\\/TelkomDC\\/index.php\",\"REMOTE_PORT\":\"51988\",\"REDIRECT_URL\":\"\\/TelkomDC\\/Register\\/do_register\",\"GATEWAY_INTERFACE\":\"CGI\\/1.1\",\"SERVER_PROTOCOL\":\"HTTP\\/1.1\",\"REQUEST_METHOD\":\"POST\",\"QUERY_STRING\":\"\",\"REQUEST_URI\":\"\\/TelkomDC\\/Register\\/do_register\",\"SCRIPT_NAME\":\"\\/TelkomDC\\/index.php\",\"PATH_INFO\":\"\\/Register\\/do_register\",\"PATH_TRANSLATED\":\"\\/var\\/www\\/html\\/Register\\/do_register\",\"PHP_SELF\":\"\\/TelkomDC\\/index.php\\/Register\\/do_register\",\"REQUEST_TIME_FLOAT\":1536132794.404,\"REQUEST_TIME\":1536132794}','118.97.82.196','2018-09-05 09:10:41','2018-09-05 07:33:14','081216317539',0,'2018-09-05 09:10:41'),(73,'jihan.dhaneswara@sigma.co.id','Sigma123','CRS2017054','Jihan Fie',5,1,1,'{\"REDIRECT_STATUS\":\"200\",\"HTTP_HOST\":\"43.229.207.253\",\"HTTP_CONNECTION\":\"keep-alive\",\"CONTENT_LENGTH\":\"126\",\"HTTP_CACHE_CONTROL\":\"max-age=0\",\"HTTP_ORIGIN\":\"http:\\/\\/43.229.207.253\",\"HTTP_UPGRADE_INSECURE_REQUESTS\":\"1\",\"HTTP_DNT\":\"1\",\"CONTENT_TYPE\":\"application\\/x-www-form-urlencoded\",\"HTTP_USER_AGENT\":\"Mozilla\\/5.0 (Windows NT 10.0; Win64; x64) AppleWebKit\\/537.36 (KHTML, like Gecko) Chrome\\/68.0.3440.106 Safari\\/537.36\",\"HTTP_ACCEPT\":\"text\\/html,application\\/xhtml+xml,application\\/xml;q=0.9,image\\/webp,image\\/apng,*\\/*;q=0.8\",\"HTTP_REFERER\":\"http:\\/\\/43.229.207.253\\/TelkomDC\\/Register\",\"HTTP_ACCEPT_ENCODING\":\"gzip, deflate\",\"HTTP_ACCEPT_LANGUAGE\":\"en,en-US;q=0.9,id;q=0.8\",\"HTTP_COOKIE\":\"ci_session=49562347l88skg4rmijurjso9u0hk5aq\",\"PATH\":\"\\/usr\\/local\\/sbin:\\/usr\\/local\\/bin:\\/usr\\/sbin:\\/usr\\/bin:\\/sbin:\\/bin\",\"SERVER_SIGNATURE\":\"\",\"SERVER_SOFTWARE\":\"Apache\",\"SERVER_NAME\":\"43.229.207.253\",\"SERVER_ADDR\":\"43.229.207.253\",\"SERVER_PORT\":\"80\",\"REMOTE_ADDR\":\"118.97.82.196\",\"DOCUMENT_ROOT\":\"\\/var\\/www\\/html\",\"REQUEST_SCHEME\":\"http\",\"CONTEXT_PREFIX\":\"\",\"CONTEXT_DOCUMENT_ROOT\":\"\\/var\\/www\\/html\",\"SERVER_ADMIN\":\"webmaster@localhost\",\"SCRIPT_FILENAME\":\"\\/var\\/www\\/html\\/TelkomDC\\/index.php\",\"REMOTE_PORT\":\"35190\",\"REDIRECT_URL\":\"\\/TelkomDC\\/Register\\/do_register\",\"GATEWAY_INTERFACE\":\"CGI\\/1.1\",\"SERVER_PROTOCOL\":\"HTTP\\/1.1\",\"REQUEST_METHOD\":\"POST\",\"QUERY_STRING\":\"\",\"REQUEST_URI\":\"\\/TelkomDC\\/Register\\/do_register\",\"SCRIPT_NAME\":\"\\/TelkomDC\\/index.php\",\"PATH_INFO\":\"\\/Register\\/do_register\",\"PATH_TRANSLATED\":\"\\/var\\/www\\/html\\/Register\\/do_register\",\"PHP_SELF\":\"\\/TelkomDC\\/index.php\\/Register\\/do_register\",\"REQUEST_TIME_FLOAT\":1536142426.41,\"REQUEST_TIME\":1536142426}','43.229.207.253','2018-09-08 15:24:23','2018-09-05 10:13:46','082230364036',0,'2018-09-08 15:24:23'),(74,'stephanus_wibowo@sigma.co.id','TwNgHyWE3t','S201004056','bowo',5,1,1,'{\"REDIRECT_STATUS\":\"200\",\"HTTP_HOST\":\"43.229.207.253\",\"HTTP_USER_AGENT\":\"Mozilla\\/5.0 (Windows NT 10.0; Win64; x64; rv:61.0) Gecko\\/20100101 Firefox\\/61.0\",\"HTTP_ACCEPT\":\"text\\/html,application\\/xhtml+xml,application\\/xml;q=0.9,*\\/*;q=0.8\",\"HTTP_ACCEPT_LANGUAGE\":\"en-US,en;q=0.5\",\"HTTP_ACCEPT_ENCODING\":\"gzip, deflate\",\"HTTP_REFERER\":\"http:\\/\\/43.229.207.253\\/TelkomDC\\/Register\",\"CONTENT_TYPE\":\"application\\/x-www-form-urlencoded\",\"CONTENT_LENGTH\":\"121\",\"HTTP_COOKIE\":\"ci_session=tns64g87avi8mvj5a2lqlv66d4qvaq0l\",\"HTTP_CONNECTION\":\"keep-alive\",\"HTTP_UPGRADE_INSECURE_REQUESTS\":\"1\",\"PATH\":\"\\/usr\\/local\\/sbin:\\/usr\\/local\\/bin:\\/usr\\/sbin:\\/usr\\/bin:\\/sbin:\\/bin\",\"SERVER_SIGNATURE\":\"\",\"SERVER_SOFTWARE\":\"Apache\",\"SERVER_NAME\":\"43.229.207.253\",\"SERVER_ADDR\":\"43.229.207.253\",\"SERVER_PORT\":\"80\",\"REMOTE_ADDR\":\"118.97.82.218\",\"DOCUMENT_ROOT\":\"\\/var\\/www\\/html\",\"REQUEST_SCHEME\":\"http\",\"CONTEXT_PREFIX\":\"\",\"CONTEXT_DOCUMENT_ROOT\":\"\\/var\\/www\\/html\",\"SERVER_ADMIN\":\"webmaster@localhost\",\"SCRIPT_FILENAME\":\"\\/var\\/www\\/html\\/TelkomDC\\/index.php\",\"REMOTE_PORT\":\"11017\",\"REDIRECT_URL\":\"\\/TelkomDC\\/Register\\/do_register\",\"GATEWAY_INTERFACE\":\"CGI\\/1.1\",\"SERVER_PROTOCOL\":\"HTTP\\/1.1\",\"REQUEST_METHOD\":\"POST\",\"QUERY_STRING\":\"\",\"REQUEST_URI\":\"\\/TelkomDC\\/Register\\/do_register\",\"SCRIPT_NAME\":\"\\/TelkomDC\\/index.php\",\"PATH_INFO\":\"\\/Register\\/do_register\",\"PATH_TRANSLATED\":\"\\/var\\/www\\/html\\/Register\\/do_register\",\"PHP_SELF\":\"\\/TelkomDC\\/index.php\\/Register\\/do_register\",\"REQUEST_TIME_FLOAT\":1536208945.889,\"REQUEST_TIME\":1536208945}','43.229.207.253','2018-09-06 04:43:21','2018-09-06 04:42:25','081807415777',0,'2018-09-06 04:43:21'),(75,'fatimah.alaydrus@sigma.co.id','S1gma123','S201405161','Fatimah Emmy Alaydrus',5,1,1,'{\"REDIRECT_STATUS\":\"200\",\"HTTP_HOST\":\"telkomsigmadatacenter.id\",\"HTTP_ACCEPT\":\"text\\/html,application\\/xhtml+xml,application\\/xml;q=0.9,*\\/*;q=0.8\",\"HTTP_ACCEPT_ENCODING\":\"gzip, deflate\",\"HTTP_ACCEPT_LANGUAGE\":\"en-us\",\"CONTENT_TYPE\":\"application\\/x-www-form-urlencoded\",\"HTTP_ORIGIN\":\"http:\\/\\/telkomsigmadatacenter.id\",\"HTTP_USER_AGENT\":\"Mozilla\\/5.0 (Macintosh; Intel Mac OS X 10_13_6) AppleWebKit\\/605.1.15 (KHTML, like Gecko) Version\\/11.1.2 Safari\\/605.1.15\",\"HTTP_CONNECTION\":\"keep-alive\",\"HTTP_UPGRADE_INSECURE_REQUESTS\":\"1\",\"HTTP_REFERER\":\"http:\\/\\/telkomsigmadatacenter.id\\/Register\",\"CONTENT_LENGTH\":\"138\",\"HTTP_COOKIE\":\"ci_session=q9euhg78grb19hbam70v6a54akvv31ee\",\"PATH\":\"\\/usr\\/local\\/sbin:\\/usr\\/local\\/bin:\\/usr\\/sbin:\\/usr\\/bin:\\/sbin:\\/bin\",\"SERVER_SIGNATURE\":\"\",\"SERVER_SOFTWARE\":\"Apache\",\"SERVER_NAME\":\"telkomsigmadatacenter.id\",\"SERVER_ADDR\":\"43.229.207.253\",\"SERVER_PORT\":\"80\",\"REMOTE_ADDR\":\"118.97.82.218\",\"DOCUMENT_ROOT\":\"\\/var\\/www\\/html\\/TelkomDC\\/\",\"REQUEST_SCHEME\":\"http\",\"CONTEXT_PREFIX\":\"\",\"CONTEXT_DOCUMENT_ROOT\":\"\\/var\\/www\\/html\\/TelkomDC\\/\",\"SERVER_ADMIN\":\"webmaster@localhost\",\"SCRIPT_FILENAME\":\"\\/var\\/www\\/html\\/TelkomDC\\/index.php\",\"REMOTE_PORT\":\"20412\",\"REDIRECT_URL\":\"\\/Register\\/do_register\",\"GATEWAY_INTERFACE\":\"CGI\\/1.1\",\"SERVER_PROTOCOL\":\"HTTP\\/1.1\",\"REQUEST_METHOD\":\"POST\",\"QUERY_STRING\":\"\",\"REQUEST_URI\":\"\\/Register\\/do_register\",\"SCRIPT_NAME\":\"\\/index.php\",\"PATH_INFO\":\"\\/Register\\/do_register\",\"PATH_TRANSLATED\":\"redirect:\\/index.php\\/Register\\/do_register\\/do_register\",\"PHP_SELF\":\"\\/index.php\\/Register\\/do_register\",\"REQUEST_TIME_FLOAT\":1536549022.559,\"REQUEST_TIME\":1536549022}','43.229.207.253','2018-09-10 03:14:53','2018-09-10 03:10:22','081318779889',0,'2018-09-10 03:14:53'),(76,'taufik.sidik@sigma.co.id','lWSWwBTYh1','S201308017','Taufik Sidik',5,1,1,'{\"REDIRECT_STATUS\":\"200\",\"HTTP_HOST\":\"telkomsigmadatacenter.id\",\"HTTP_USER_AGENT\":\"Mozilla\\/5.0 (Windows NT 10.0; Win64; x64; rv:62.0) Gecko\\/20100101 Firefox\\/62.0\",\"HTTP_ACCEPT\":\"text\\/html,application\\/xhtml+xml,application\\/xml;q=0.9,*\\/*;q=0.8\",\"HTTP_ACCEPT_LANGUAGE\":\"en-US,id;q=0.7,en;q=0.3\",\"HTTP_ACCEPT_ENCODING\":\"gzip, deflate\",\"HTTP_REFERER\":\"http:\\/\\/telkomsigmadatacenter.id\\/Register\",\"CONTENT_TYPE\":\"application\\/x-www-form-urlencoded\",\"CONTENT_LENGTH\":\"125\",\"HTTP_COOKIE\":\"ci_session=qn2t4vrl2bcjkdq27vpk03lh7m6g5frq\",\"HTTP_DNT\":\"1\",\"HTTP_CONNECTION\":\"keep-alive\",\"HTTP_UPGRADE_INSECURE_REQUESTS\":\"1\",\"PATH\":\"\\/usr\\/local\\/sbin:\\/usr\\/local\\/bin:\\/usr\\/sbin:\\/usr\\/bin:\\/sbin:\\/bin\",\"SERVER_SIGNATURE\":\"\",\"SERVER_SOFTWARE\":\"Apache\",\"SERVER_NAME\":\"telkomsigmadatacenter.id\",\"SERVER_ADDR\":\"43.229.207.253\",\"SERVER_PORT\":\"80\",\"REMOTE_ADDR\":\"118.97.82.218\",\"DOCUMENT_ROOT\":\"\\/var\\/www\\/html\\/TelkomDC\\/\",\"REQUEST_SCHEME\":\"http\",\"CONTEXT_PREFIX\":\"\",\"CONTEXT_DOCUMENT_ROOT\":\"\\/var\\/www\\/html\\/TelkomDC\\/\",\"SERVER_ADMIN\":\"webmaster@localhost\",\"SCRIPT_FILENAME\":\"\\/var\\/www\\/html\\/TelkomDC\\/index.php\",\"REMOTE_PORT\":\"24296\",\"REDIRECT_URL\":\"\\/Register\\/do_register\",\"GATEWAY_INTERFACE\":\"CGI\\/1.1\",\"SERVER_PROTOCOL\":\"HTTP\\/1.1\",\"REQUEST_METHOD\":\"POST\",\"QUERY_STRING\":\"\",\"REQUEST_URI\":\"\\/Register\\/do_register\",\"SCRIPT_NAME\":\"\\/index.php\",\"PATH_INFO\":\"\\/Register\\/do_register\",\"PATH_TRANSLATED\":\"redirect:\\/index.php\\/Register\\/do_register\\/do_register\",\"PHP_SELF\":\"\\/index.php\\/Register\\/do_register\",\"REQUEST_TIME_FLOAT\":1536549192.771,\"REQUEST_TIME\":1536549192}','43.229.207.253','2018-09-10 03:14:13','2018-09-10 03:13:12','081212580996',0,'2018-09-10 03:14:13'),(77,'sukoco.halim@sigma.co.id','N7VTqTQXH5','805824','Sukoco',5,1,1,'{\"REDIRECT_STATUS\":\"200\",\"HTTP_HOST\":\"telkomsigmadatacenter.id\",\"HTTP_CONNECTION\":\"keep-alive\",\"CONTENT_LENGTH\":\"115\",\"HTTP_CACHE_CONTROL\":\"max-age=0\",\"HTTP_ORIGIN\":\"http:\\/\\/telkomsigmadatacenter.id\",\"HTTP_UPGRADE_INSECURE_REQUESTS\":\"1\",\"CONTENT_TYPE\":\"application\\/x-www-form-urlencoded\",\"HTTP_USER_AGENT\":\"Mozilla\\/5.0 (Windows NT 6.3; Win64; x64) AppleWebKit\\/537.36 (KHTML, like Gecko) Chrome\\/68.0.3440.106 Safari\\/537.36\",\"HTTP_ACCEPT\":\"text\\/html,application\\/xhtml+xml,application\\/xml;q=0.9,image\\/webp,image\\/apng,*\\/*;q=0.8\",\"HTTP_REFERER\":\"http:\\/\\/telkomsigmadatacenter.id\\/Register\",\"HTTP_ACCEPT_ENCODING\":\"gzip, deflate\",\"HTTP_ACCEPT_LANGUAGE\":\"en-US,en;q=0.9,id;q=0.8\",\"HTTP_COOKIE\":\"ci_session=8jg3i8h6154g6pcv2ir7il6ll3t7n50o\",\"PATH\":\"\\/usr\\/local\\/sbin:\\/usr\\/local\\/bin:\\/usr\\/sbin:\\/usr\\/bin:\\/sbin:\\/bin\",\"SERVER_SIGNATURE\":\"\",\"SERVER_SOFTWARE\":\"Apache\",\"SERVER_NAME\":\"telkomsigmadatacenter.id\",\"SERVER_ADDR\":\"43.229.207.253\",\"SERVER_PORT\":\"80\",\"REMOTE_ADDR\":\"118.97.82.218\",\"DOCUMENT_ROOT\":\"\\/var\\/www\\/html\\/TelkomDC\\/\",\"REQUEST_SCHEME\":\"http\",\"CONTEXT_PREFIX\":\"\",\"CONTEXT_DOCUMENT_ROOT\":\"\\/var\\/www\\/html\\/TelkomDC\\/\",\"SERVER_ADMIN\":\"webmaster@localhost\",\"SCRIPT_FILENAME\":\"\\/var\\/www\\/html\\/TelkomDC\\/index.php\",\"REMOTE_PORT\":\"36582\",\"REDIRECT_URL\":\"\\/Register\\/do_register\",\"GATEWAY_INTERFACE\":\"CGI\\/1.1\",\"SERVER_PROTOCOL\":\"HTTP\\/1.1\",\"REQUEST_METHOD\":\"POST\",\"QUERY_STRING\":\"\",\"REQUEST_URI\":\"\\/Register\\/do_register\",\"SCRIPT_NAME\":\"\\/index.php\",\"PATH_INFO\":\"\\/Register\\/do_register\",\"PATH_TRANSLATED\":\"redirect:\\/index.php\\/Register\\/do_register\\/do_register\",\"PHP_SELF\":\"\\/index.php\\/Register\\/do_register\",\"REQUEST_TIME_FLOAT\":1536549261.461,\"REQUEST_TIME\":1536549261}','43.229.207.253','2018-09-10 03:17:32','2018-09-10 03:14:21','081315777229',0,'2018-09-10 03:17:32'),(78,'nasaruddin.nasution@sigma.co.id','#edc2WSX1QAZ','S201107011','nasaruddin nasution',5,1,1,'{\"REDIRECT_STATUS\":\"200\",\"HTTP_HOST\":\"telkomsigmadatacenter.id\",\"HTTP_CONNECTION\":\"keep-alive\",\"CONTENT_LENGTH\":\"139\",\"HTTP_CACHE_CONTROL\":\"max-age=0\",\"HTTP_ORIGIN\":\"http:\\/\\/telkomsigmadatacenter.id\",\"HTTP_UPGRADE_INSECURE_REQUESTS\":\"1\",\"CONTENT_TYPE\":\"application\\/x-www-form-urlencoded\",\"HTTP_USER_AGENT\":\"Mozilla\\/5.0 (Windows NT 10.0; Win64; x64) AppleWebKit\\/537.36 (KHTML, like Gecko) Chrome\\/68.0.3440.106 Safari\\/537.36\",\"HTTP_ACCEPT\":\"text\\/html,application\\/xhtml+xml,application\\/xml;q=0.9,image\\/webp,image\\/apng,*\\/*;q=0.8\",\"HTTP_REFERER\":\"http:\\/\\/telkomsigmadatacenter.id\\/Register\",\"HTTP_ACCEPT_ENCODING\":\"gzip, deflate\",\"HTTP_ACCEPT_LANGUAGE\":\"en-US,en;q=0.9\",\"HTTP_COOKIE\":\"ci_session=rqu05c42g69unlugj69ua5peo6pomqfc\",\"PATH\":\"\\/usr\\/local\\/sbin:\\/usr\\/local\\/bin:\\/usr\\/sbin:\\/usr\\/bin:\\/sbin:\\/bin\",\"SERVER_SIGNATURE\":\"\",\"SERVER_SOFTWARE\":\"Apache\",\"SERVER_NAME\":\"telkomsigmadatacenter.id\",\"SERVER_ADDR\":\"43.229.207.253\",\"SERVER_PORT\":\"80\",\"REMOTE_ADDR\":\"118.97.82.218\",\"DOCUMENT_ROOT\":\"\\/var\\/www\\/html\\/TelkomDC\\/\",\"REQUEST_SCHEME\":\"http\",\"CONTEXT_PREFIX\":\"\",\"CONTEXT_DOCUMENT_ROOT\":\"\\/var\\/www\\/html\\/TelkomDC\\/\",\"SERVER_ADMIN\":\"webmaster@localhost\",\"SCRIPT_FILENAME\":\"\\/var\\/www\\/html\\/TelkomDC\\/index.php\",\"REMOTE_PORT\":\"53999\",\"REDIRECT_URL\":\"\\/Register\\/do_register\",\"GATEWAY_INTERFACE\":\"CGI\\/1.1\",\"SERVER_PROTOCOL\":\"HTTP\\/1.1\",\"REQUEST_METHOD\":\"POST\",\"QUERY_STRING\":\"\",\"REQUEST_URI\":\"\\/Register\\/do_register\",\"SCRIPT_NAME\":\"\\/index.php\",\"PATH_INFO\":\"\\/Register\\/do_register\",\"PATH_TRANSLATED\":\"redirect:\\/index.php\\/Register\\/do_register\\/do_register\",\"PHP_SELF\":\"\\/index.php\\/Register\\/do_register\",\"REQUEST_TIME_FLOAT\":1536549923.337,\"REQUEST_TIME\":1536549923}','43.229.207.253','2018-09-10 03:27:53','2018-09-10 03:25:23','081210001305',0,'2018-09-10 03:27:53'),(79,'herfindra.wijaya@sigma.co.id','WusLO8wG8J','S2015010110','Herfindra S W',5,1,1,'{\"REDIRECT_STATUS\":\"200\",\"HTTP_HOST\":\"telkomsigmadatacenter.id\",\"HTTP_ACCEPT\":\"text\\/html,application\\/xhtml+xml,application\\/xml;q=0.9,*\\/*;q=0.8\",\"HTTP_ACCEPT_LANGUAGE\":\"en-us\",\"HTTP_ACCEPT_ENCODING\":\"gzip, deflate\",\"CONTENT_TYPE\":\"application\\/x-www-form-urlencoded\",\"HTTP_ORIGIN\":\"http:\\/\\/telkomsigmadatacenter.id\",\"HTTP_USER_AGENT\":\"Mozilla\\/5.0 (Macintosh; Intel Mac OS X 10_13_6) AppleWebKit\\/605.1.15 (KHTML, like Gecko) Version\\/11.1.2 Safari\\/605.1.15\",\"HTTP_REFERER\":\"http:\\/\\/telkomsigmadatacenter.id\\/Register\",\"HTTP_UPGRADE_INSECURE_REQUESTS\":\"1\",\"HTTP_DNT\":\"1\",\"CONTENT_LENGTH\":\"130\",\"HTTP_COOKIE\":\"ci_session=q1mppt0c9l00oghvj79t5egkkdq8j3oa\",\"HTTP_CONNECTION\":\"Keep-Alive\",\"PATH\":\"\\/usr\\/local\\/sbin:\\/usr\\/local\\/bin:\\/usr\\/sbin:\\/usr\\/bin:\\/sbin:\\/bin\",\"SERVER_SIGNATURE\":\"\",\"SERVER_SOFTWARE\":\"Apache\",\"SERVER_NAME\":\"telkomsigmadatacenter.id\",\"SERVER_ADDR\":\"43.229.207.253\",\"SERVER_PORT\":\"80\",\"REMOTE_ADDR\":\"125.160.113.128\",\"DOCUMENT_ROOT\":\"\\/var\\/www\\/html\\/TelkomDC\\/\",\"REQUEST_SCHEME\":\"http\",\"CONTEXT_PREFIX\":\"\",\"CONTEXT_DOCUMENT_ROOT\":\"\\/var\\/www\\/html\\/TelkomDC\\/\",\"SERVER_ADMIN\":\"webmaster@localhost\",\"SCRIPT_FILENAME\":\"\\/var\\/www\\/html\\/TelkomDC\\/index.php\",\"REMOTE_PORT\":\"6337\",\"REDIRECT_URL\":\"\\/Register\\/do_register\",\"GATEWAY_INTERFACE\":\"CGI\\/1.1\",\"SERVER_PROTOCOL\":\"HTTP\\/1.1\",\"REQUEST_METHOD\":\"POST\",\"QUERY_STRING\":\"\",\"REQUEST_URI\":\"\\/Register\\/do_register\",\"SCRIPT_NAME\":\"\\/index.php\",\"PATH_INFO\":\"\\/Register\\/do_register\",\"PATH_TRANSLATED\":\"redirect:\\/index.php\\/Register\\/do_register\\/do_register\",\"PHP_SELF\":\"\\/index.php\\/Register\\/do_register\",\"REQUEST_TIME_FLOAT\":1536549992.835,\"REQUEST_TIME\":1536549992}','43.229.207.253','2018-09-10 03:28:33','2018-09-10 03:26:32','08119808300',0,'2018-09-10 03:28:33'),(80,'akhmad.soim@sigma.co.id','JQjivne9Yy','S201308011','Akhmad Soim',5,1,1,'{\"REDIRECT_STATUS\":\"200\",\"HTTP_HOST\":\"telkomsigmadatacenter.id\",\"HTTP_USER_AGENT\":\"Mozilla\\/5.0 (Windows NT 6.1; WOW64; rv:47.0) Gecko\\/20100101 Firefox\\/47.0\",\"HTTP_ACCEPT\":\"text\\/html,application\\/xhtml+xml,application\\/xml;q=0.9,*\\/*;q=0.8\",\"HTTP_ACCEPT_LANGUAGE\":\"en-US,en;q=0.5\",\"HTTP_ACCEPT_ENCODING\":\"gzip, deflate\",\"HTTP_REFERER\":\"http:\\/\\/telkomsigmadatacenter.id\\/Register\",\"HTTP_COOKIE\":\"ci_session=55e4iumlgdpko618o536gmv3ouo35hhb\",\"HTTP_CONNECTION\":\"keep-alive\",\"CONTENT_TYPE\":\"application\\/x-www-form-urlencoded\",\"CONTENT_LENGTH\":\"123\",\"PATH\":\"\\/usr\\/local\\/sbin:\\/usr\\/local\\/bin:\\/usr\\/sbin:\\/usr\\/bin:\\/sbin:\\/bin\",\"SERVER_SIGNATURE\":\"\",\"SERVER_SOFTWARE\":\"Apache\",\"SERVER_NAME\":\"telkomsigmadatacenter.id\",\"SERVER_ADDR\":\"43.229.207.253\",\"SERVER_PORT\":\"80\",\"REMOTE_ADDR\":\"118.97.82.218\",\"DOCUMENT_ROOT\":\"\\/var\\/www\\/html\\/TelkomDC\\/\",\"REQUEST_SCHEME\":\"http\",\"CONTEXT_PREFIX\":\"\",\"CONTEXT_DOCUMENT_ROOT\":\"\\/var\\/www\\/html\\/TelkomDC\\/\",\"SERVER_ADMIN\":\"webmaster@localhost\",\"SCRIPT_FILENAME\":\"\\/var\\/www\\/html\\/TelkomDC\\/index.php\",\"REMOTE_PORT\":\"14904\",\"REDIRECT_URL\":\"\\/Register\\/do_register\",\"GATEWAY_INTERFACE\":\"CGI\\/1.1\",\"SERVER_PROTOCOL\":\"HTTP\\/1.1\",\"REQUEST_METHOD\":\"POST\",\"QUERY_STRING\":\"\",\"REQUEST_URI\":\"\\/Register\\/do_register\",\"SCRIPT_NAME\":\"\\/index.php\",\"PATH_INFO\":\"\\/Register\\/do_register\",\"PATH_TRANSLATED\":\"redirect:\\/index.php\\/Register\\/do_register\\/do_register\",\"PHP_SELF\":\"\\/index.php\\/Register\\/do_register\",\"REQUEST_TIME_FLOAT\":1536557107.697,\"REQUEST_TIME\":1536557107}','43.229.207.253','2018-09-10 05:26:15','2018-09-10 05:25:07','081334586200',0,'2018-09-10 05:26:15'),(81,'hasanuddin@sigma.co.id','v5Hi64XldC','650036','Hasanuddin',5,1,1,'{\"REDIRECT_STATUS\":\"200\",\"HTTP_HOST\":\"telkomsigmadatacenter.id\",\"HTTP_USER_AGENT\":\"Mozilla\\/5.0 (Windows NT 10.0; Win64; x64; rv:61.0) Gecko\\/20100101 Firefox\\/61.0\",\"HTTP_ACCEPT\":\"text\\/html,application\\/xhtml+xml,application\\/xml;q=0.9,*\\/*;q=0.8\",\"HTTP_ACCEPT_LANGUAGE\":\"en-US,en;q=0.5\",\"HTTP_ACCEPT_ENCODING\":\"gzip, deflate\",\"HTTP_REFERER\":\"http:\\/\\/telkomsigmadatacenter.id\\/Register\",\"CONTENT_TYPE\":\"application\\/x-www-form-urlencoded\",\"CONTENT_LENGTH\":\"116\",\"HTTP_COOKIE\":\"ci_session=dn68icalli56h2vm85sggcv91bpfp1pm\",\"HTTP_CONNECTION\":\"keep-alive\",\"HTTP_UPGRADE_INSECURE_REQUESTS\":\"1\",\"PATH\":\"\\/usr\\/local\\/sbin:\\/usr\\/local\\/bin:\\/usr\\/sbin:\\/usr\\/bin:\\/sbin:\\/bin\",\"SERVER_SIGNATURE\":\"\",\"SERVER_SOFTWARE\":\"Apache\",\"SERVER_NAME\":\"telkomsigmadatacenter.id\",\"SERVER_ADDR\":\"43.229.207.253\",\"SERVER_PORT\":\"80\",\"REMOTE_ADDR\":\"203.130.201.36\",\"DOCUMENT_ROOT\":\"\\/var\\/www\\/html\\/TelkomDC\\/\",\"REQUEST_SCHEME\":\"http\",\"CONTEXT_PREFIX\":\"\",\"CONTEXT_DOCUMENT_ROOT\":\"\\/var\\/www\\/html\\/TelkomDC\\/\",\"SERVER_ADMIN\":\"webmaster@localhost\",\"SCRIPT_FILENAME\":\"\\/var\\/www\\/html\\/TelkomDC\\/index.php\",\"REMOTE_PORT\":\"60927\",\"REDIRECT_URL\":\"\\/Register\\/do_register\",\"GATEWAY_INTERFACE\":\"CGI\\/1.1\",\"SERVER_PROTOCOL\":\"HTTP\\/1.1\",\"REQUEST_METHOD\":\"POST\",\"QUERY_STRING\":\"\",\"REQUEST_URI\":\"\\/Register\\/do_register\",\"SCRIPT_NAME\":\"\\/index.php\",\"PATH_INFO\":\"\\/Register\\/do_register\",\"PATH_TRANSLATED\":\"redirect:\\/index.php\\/Register\\/do_register\\/do_register\",\"PHP_SELF\":\"\\/index.php\\/Register\\/do_register\",\"REQUEST_TIME_FLOAT\":1536562824.196,\"REQUEST_TIME\":1536562824}','43.229.207.253','2018-09-10 07:01:26','2018-09-10 07:00:24','08122005532',0,'2018-09-10 07:01:26'),(83,'hardinal.syaputra@sigma.co.id','7Z3R6kCFaH','S1111','Hardinal',5,1,1,'{\"REDIRECT_HTTPS\":\"on\",\"REDIRECT_SSL_TLS_SNI\":\"telkomsigmadatacenter.id\",\"REDIRECT_STATUS\":\"200\",\"HTTPS\":\"on\",\"SSL_TLS_SNI\":\"telkomsigmadatacenter.id\",\"SSL_SERVER_S_DN_C\":\"ID\",\"SSL_SERVER_S_DN_ST\":\"TANGERANG\",\"SSL_SERVER_S_DN_L\":\"TANGERANG\",\"SSL_SERVER_S_DN_O\":\"sigma\",\"SSL_SERVER_S_DN_OU\":\"sigma\",\"SSL_SERVER_S_DN_CN\":\"tdc\",\"SSL_SERVER_I_DN_C\":\"ID\",\"SSL_SERVER_I_DN_ST\":\"TANGERANG\",\"SSL_SERVER_I_DN_L\":\"TANGERANG\",\"SSL_SERVER_I_DN_O\":\"sigma\",\"SSL_SERVER_I_DN_OU\":\"sigma\",\"SSL_SERVER_I_DN_CN\":\"tdc\",\"SSL_VERSION_INTERFACE\":\"mod_ssl\\/2.4.18\",\"SSL_VERSION_LIBRARY\":\"OpenSSL\\/1.0.2g\",\"SSL_PROTOCOL\":\"TLSv1.2\",\"SSL_SECURE_RENEG\":\"true\",\"SSL_COMPRESS_METHOD\":\"NULL\",\"SSL_CIPHER\":\"ECDHE-RSA-AES256-GCM-SHA384\",\"SSL_CIPHER_EXPORT\":\"false\",\"SSL_CIPHER_USEKEYSIZE\":\"256\",\"SSL_CIPHER_ALGKEYSIZE\":\"256\",\"SSL_CLIENT_VERIFY\":\"NONE\",\"SSL_SERVER_M_VERSION\":\"3\",\"SSL_SERVER_M_SERIAL\":\"B5F5827FB32E7A75\",\"SSL_SERVER_V_START\":\"Jul  4 11:38:50 2018 GMT\",\"SSL_SERVER_V_END\":\"Jul  3 11:38:50 2021 GMT\",\"SSL_SERVER_S_DN\":\"CN=tdc,OU=sigma,O=sigma,L=TANGERANG,ST=TANGERANG,C=ID\",\"SSL_SERVER_I_DN\":\"CN=tdc,OU=sigma,O=sigma,L=TANGERANG,ST=TANGERANG,C=ID\",\"SSL_SERVER_A_KEY\":\"rsaEncryption\",\"SSL_SERVER_A_SIG\":\"sha256WithRSAEncryption\",\"SSL_SESSION_ID\":\"2476fdef25faa2e44d2dcd65b98555de1935222ecccdfc5cc89c073fb687999e\",\"SSL_SESSION_RESUMED\":\"Resumed\",\"HTTP_HOST\":\"telkomsigmadatacenter.id\",\"HTTP_CONNECTION\":\"keep-alive\",\"CONTENT_LENGTH\":\"113\",\"HTTP_CACHE_CONTROL\":\"max-age=0\",\"HTTP_ORIGIN\":\"https:\\/\\/telkomsigmadatacenter.id\",\"HTTP_UPGRADE_INSECURE_REQUESTS\":\"1\",\"CONTENT_TYPE\":\"application\\/x-www-form-urlencoded\",\"HTTP_USER_AGENT\":\"Mozilla\\/5.0 (Windows NT 10.0; Win64; x64) AppleWebKit\\/537.36 (KHTML, like Gecko) Chrome\\/69.0.3497.81 Safari\\/537.36\",\"HTTP_ACCEPT\":\"text\\/html,application\\/xhtml+xml,application\\/xml;q=0.9,image\\/webp,image\\/apng,*\\/*;q=0.8\",\"HTTP_REFERER\":\"https:\\/\\/telkomsigmadatacenter.id\\/Register\",\"HTTP_ACCEPT_ENCODING\":\"gzip, deflate, br\",\"HTTP_ACCEPT_LANGUAGE\":\"id\",\"HTTP_COOKIE\":\"ci_session=n1etndnt0ppc4g468a2eacbdsm99j62q\",\"PATH\":\"\\/usr\\/local\\/sbin:\\/usr\\/local\\/bin:\\/usr\\/sbin:\\/usr\\/bin:\\/sbin:\\/bin\",\"SERVER_SIGNATURE\":\"\",\"SERVER_SOFTWARE\":\"Apache\",\"SERVER_NAME\":\"telkomsigmadatacenter.id\",\"SERVER_ADDR\":\"43.229.207.253\",\"SERVER_PORT\":\"443\",\"REMOTE_ADDR\":\"118.97.82.196\",\"DOCUMENT_ROOT\":\"\\/var\\/www\\/html\\/TelkomDC\\/\",\"REQUEST_SCHEME\":\"https\",\"CONTEXT_PREFIX\":\"\",\"CONTEXT_DOCUMENT_ROOT\":\"\\/var\\/www\\/html\\/TelkomDC\\/\",\"SERVER_ADMIN\":\"webmaster@localhost\",\"SCRIPT_FILENAME\":\"\\/var\\/www\\/html\\/TelkomDC\\/index.php\",\"REMOTE_PORT\":\"22607\",\"REDIRECT_URL\":\"\\/Register\\/do_register\",\"GATEWAY_INTERFACE\":\"CGI\\/1.1\",\"SERVER_PROTOCOL\":\"HTTP\\/1.1\",\"REQUEST_METHOD\":\"POST\",\"QUERY_STRING\":\"\",\"REQUEST_URI\":\"\\/Register\\/do_register\",\"SCRIPT_NAME\":\"\\/index.php\",\"PATH_INFO\":\"\\/Register\\/do_register\",\"PATH_TRANSLATED\":\"redirect:\\/index.php\\/Register\\/do_register\\/do_register\",\"PHP_SELF\":\"\\/index.php\\/Register\\/do_register\",\"REQUEST_TIME_FLOAT\":1536573697.681,\"REQUEST_TIME\":1536573697}',NULL,NULL,'2018-09-10 10:01:37','0341',0,NULL);
/*!40000 ALTER TABLE `p_user` ENABLE KEYS */;
UNLOCK TABLES;

--
-- Table structure for table `p_user_role`
--

DROP TABLE IF EXISTS `p_user_role`;
/*!40101 SET @saved_cs_client     = @@character_set_client */;
/*!40101 SET character_set_client = utf8 */;
CREATE TABLE `p_user_role` (
  `id_user_role` int(11) NOT NULL AUTO_INCREMENT,
  `id_user` int(11) NOT NULL,
  `id_role` int(11) NOT NULL,
  `id_requester_type` int(11) DEFAULT NULL,
  PRIMARY KEY (`id_user_role`),
  KEY `id_user` (`id_user`),
  KEY `id_role` (`id_role`),
  CONSTRAINT `p_user_role_ibfk_1` FOREIGN KEY (`id_user`) REFERENCES `p_user` (`id_user`) ON DELETE CASCADE ON UPDATE CASCADE,
  CONSTRAINT `p_user_role_ibfk_2` FOREIGN KEY (`id_role`) REFERENCES `p_role` (`id_role`) ON DELETE CASCADE ON UPDATE CASCADE
) ENGINE=InnoDB AUTO_INCREMENT=93 DEFAULT CHARSET=latin1;
/*!40101 SET character_set_client = @saved_cs_client */;

--
-- Dumping data for table `p_user_role`
--

LOCK TABLES `p_user_role` WRITE;
/*!40000 ALTER TABLE `p_user_role` DISABLE KEYS */;
INSERT INTO `p_user_role` VALUES (1,1,4,NULL),(2,3,1,NULL),(3,4,2,NULL),(4,5,3,NULL),(27,31,3,NULL),(29,34,5,NULL),(30,33,4,NULL),(33,37,1,NULL),(36,41,2,NULL),(45,50,2,NULL),(47,52,2,NULL),(49,49,4,NULL),(50,49,3,NULL),(51,53,1,NULL),(52,54,3,NULL),(53,55,3,NULL),(54,56,3,NULL),(55,57,3,NULL),(56,58,3,NULL),(57,59,3,NULL),(58,49,1,NULL),(59,61,2,NULL),(60,61,1,NULL),(61,61,3,NULL),(62,61,4,NULL),(64,37,3,NULL),(65,62,2,1),(74,70,2,2),(76,72,2,2),(77,73,2,1),(78,74,2,4),(79,70,3,NULL),(80,70,1,NULL),(82,75,2,4),(83,76,2,4),(84,77,2,1),(85,78,2,4),(86,79,2,1),(87,80,2,4),(88,81,2,4),(90,83,2,2),(91,63,2,NULL),(92,49,2,0);
/*!40000 ALTER TABLE `p_user_role` ENABLE KEYS */;
UNLOCK TABLES;

--
-- Table structure for table `p_visitstatus`
--

DROP TABLE IF EXISTS `p_visitstatus`;
/*!40101 SET @saved_cs_client     = @@character_set_client */;
/*!40101 SET character_set_client = utf8 */;
CREATE TABLE `p_visitstatus` (
  `id_visitstatus` int(11) NOT NULL AUTO_INCREMENT,
  `visitstatus` varchar(50) NOT NULL,
  `is_active` int(1) NOT NULL DEFAULT '1',
  PRIMARY KEY (`id_visitstatus`)
) ENGINE=InnoDB AUTO_INCREMENT=5 DEFAULT CHARSET=latin1;
/*!40101 SET character_set_client = @saved_cs_client */;

--
-- Dumping data for table `p_visitstatus`
--

LOCK TABLES `p_visitstatus` WRITE;
/*!40000 ALTER TABLE `p_visitstatus` DISABLE KEYS */;
INSERT INTO `p_visitstatus` VALUES (1,'Visited',1),(2,'Request',1),(3,'Cancel',1),(4,'Confirm',1);
/*!40000 ALTER TABLE `p_visitstatus` ENABLE KEYS */;
UNLOCK TABLES;

--
-- Table structure for table `p_whitelist_email`
--

DROP TABLE IF EXISTS `p_whitelist_email`;
/*!40101 SET @saved_cs_client     = @@character_set_client */;
/*!40101 SET character_set_client = utf8 */;
CREATE TABLE `p_whitelist_email` (
  `id_whitelist` int(11) NOT NULL AUTO_INCREMENT,
  `company_name` varchar(100) DEFAULT NULL,
  `domain` varchar(100) DEFAULT NULL,
  `status_whitelist` int(11) DEFAULT '1',
  PRIMARY KEY (`id_whitelist`)
) ENGINE=InnoDB AUTO_INCREMENT=3 DEFAULT CHARSET=latin1;
/*!40101 SET character_set_client = @saved_cs_client */;

--
-- Dumping data for table `p_whitelist_email`
--

LOCK TABLES `p_whitelist_email` WRITE;
/*!40000 ALTER TABLE `p_whitelist_email` DISABLE KEYS */;
INSERT INTO `p_whitelist_email` VALUES (1,'Telkomsigma','sigma.co.id',1),(2,'Telkom','telkom.co.id',1);
/*!40000 ALTER TABLE `p_whitelist_email` ENABLE KEYS */;
UNLOCK TABLES;

--
-- Table structure for table `t_booking`
--

DROP TABLE IF EXISTS `t_booking`;
/*!40101 SET @saved_cs_client     = @@character_set_client */;
/*!40101 SET character_set_client = utf8 */;
CREATE TABLE `t_booking` (
  `id_booking` int(11) NOT NULL AUTO_INCREMENT,
  `id_invoice` varchar(20) DEFAULT NULL,
  `id_user` int(11) NOT NULL,
  `qty` int(11) DEFAULT NULL,
  `id_validator` int(11) DEFAULT NULL,
  `validator` varchar(20) DEFAULT NULL,
  `total_price` int(20) DEFAULT NULL,
  `setup_price` int(20) DEFAULT '0',
  `publish_price` int(20) DEFAULT NULL,
  `price_request` int(20) DEFAULT NULL,
  `request_date` datetime DEFAULT NULL,
  `id_customer` int(11) DEFAULT NULL,
  `customer_name` varchar(100) NOT NULL DEFAULT '',
  `customer_address` varchar(200) DEFAULT NULL,
  `id_statustransaksi` int(11) DEFAULT NULL,
  `note` varchar(100) DEFAULT NULL,
  `date_commit` date DEFAULT NULL,
  `days_commit` varchar(10) DEFAULT NULL,
  `log_time` date DEFAULT NULL,
  `status_visit` int(11) DEFAULT '0',
  `note_additional` text,
  PRIMARY KEY (`id_booking`),
  KEY `id_user` (`id_user`),
  KEY `nik_am` (`validator`),
  KEY `id_customer` (`id_customer`),
  KEY `id_statustransaksi` (`id_statustransaksi`),
  CONSTRAINT `t_booking_ibfk_1` FOREIGN KEY (`id_user`) REFERENCES `p_user` (`id_user`) ON DELETE CASCADE ON UPDATE CASCADE,
  CONSTRAINT `t_booking_ibfk_2` FOREIGN KEY (`id_customer`) REFERENCES `p_customer` (`id_customer`) ON DELETE CASCADE ON UPDATE CASCADE,
  CONSTRAINT `t_booking_ibfk_3` FOREIGN KEY (`id_statustransaksi`) REFERENCES `p_statustransaksi` (`id_statustransaksi`) ON DELETE CASCADE ON UPDATE CASCADE
) ENGINE=InnoDB AUTO_INCREMENT=351 DEFAULT CHARSET=latin1;
/*!40101 SET character_set_client = @saved_cs_client */;

--
-- Dumping data for table `t_booking`
--

LOCK TABLES `t_booking` WRITE;
/*!40000 ALTER TABLE `t_booking` DISABLE KEYS */;
INSERT INTO `t_booking` VALUES (348,'20180910ESRC5MIX',49,2,49,'Rima',71000000,30000000,41000000,1000000,'2018-09-10 20:51:47',NULL,'PT Senegal Gas','Jakarta',NULL,NULL,NULL,NULL,'2018-09-01',0,'DI Plastikin'),(349,'20180911ESRC5W18',49,2,49,'Rima Room',71000000,30000000,41000000,1000000111,'2018-09-11 22:06:14',NULL,'PT Gas Negara','Jakarta Selatan',NULL,NULL,NULL,NULL,'2018-09-01',0,'Di Plastikin'),(350,'20180912ESRC5LU6',49,2,NULL,'Viki Kur',71000000,30000000,41000000,10000000,'2018-09-12 09:52:31',NULL,'PT Kamerun Oil','Jakarta',NULL,NULL,'2018-09-12','3','2018-09-12',0,'Di Plastikin');
/*!40000 ALTER TABLE `t_booking` ENABLE KEYS */;
UNLOCK TABLES;

--
-- Table structure for table `t_evidence`
--

DROP TABLE IF EXISTS `t_evidence`;
/*!40101 SET @saved_cs_client     = @@character_set_client */;
/*!40101 SET character_set_client = utf8 */;
CREATE TABLE `t_evidence` (
  `id_evidence` int(11) NOT NULL,
  `id_booking` int(11) DEFAULT NULL,
  `id_evidencetype` int(11) DEFAULT NULL,
  `doc_name` varchar(1500) DEFAULT NULL,
  `file` varchar(100) DEFAULT NULL,
  `upload_date` timestamp NOT NULL DEFAULT CURRENT_TIMESTAMP ON UPDATE CURRENT_TIMESTAMP,
  PRIMARY KEY (`id_evidence`)
) ENGINE=InnoDB DEFAULT CHARSET=latin1;
/*!40101 SET character_set_client = @saved_cs_client */;

--
-- Dumping data for table `t_evidence`
--

LOCK TABLES `t_evidence` WRITE;
/*!40000 ALTER TABLE `t_evidence` DISABLE KEYS */;
/*!40000 ALTER TABLE `t_evidence` ENABLE KEYS */;
UNLOCK TABLES;

--
-- Table structure for table `t_rack_alacarte`
--

DROP TABLE IF EXISTS `t_rack_alacarte`;
/*!40101 SET @saved_cs_client     = @@character_set_client */;
/*!40101 SET character_set_client = utf8 */;
CREATE TABLE `t_rack_alacarte` (
  `id_rack_alacarte` int(11) NOT NULL AUTO_INCREMENT,
  `id_rack_booking` int(11) NOT NULL,
  `id_alacarte` int(11) NOT NULL,
  PRIMARY KEY (`id_rack_alacarte`),
  KEY `id_rack_booking` (`id_rack_booking`),
  KEY `id_alacarte` (`id_alacarte`),
  CONSTRAINT `t_rack_alacarte_ibfk_1` FOREIGN KEY (`id_rack_booking`) REFERENCES `t_rack_booking` (`id_rack_booking`) ON DELETE CASCADE ON UPDATE CASCADE,
  CONSTRAINT `t_rack_alacarte_ibfk_2` FOREIGN KEY (`id_alacarte`) REFERENCES `p_alacarte` (`id_alacarte`) ON DELETE CASCADE ON UPDATE CASCADE
) ENGINE=InnoDB AUTO_INCREMENT=2694 DEFAULT CHARSET=latin1;
/*!40101 SET character_set_client = @saved_cs_client */;

--
-- Dumping data for table `t_rack_alacarte`
--

LOCK TABLES `t_rack_alacarte` WRITE;
/*!40000 ALTER TABLE `t_rack_alacarte` DISABLE KEYS */;
INSERT INTO `t_rack_alacarte` VALUES (2670,707,21),(2671,707,22),(2672,707,23),(2673,707,24),(2674,708,21),(2675,708,22),(2676,708,23),(2677,708,24),(2678,709,21),(2679,709,22),(2680,709,23),(2681,709,24),(2682,710,21),(2683,710,22),(2684,710,23),(2685,710,24),(2686,711,21),(2687,711,22),(2688,711,23),(2689,711,24),(2690,712,21),(2691,712,22),(2692,712,23),(2693,712,24);
/*!40000 ALTER TABLE `t_rack_alacarte` ENABLE KEYS */;
UNLOCK TABLES;

--
-- Table structure for table `t_rack_booking`
--

DROP TABLE IF EXISTS `t_rack_booking`;
/*!40101 SET @saved_cs_client     = @@character_set_client */;
/*!40101 SET character_set_client = utf8 */;
CREATE TABLE `t_rack_booking` (
  `id_rack_booking` int(11) NOT NULL AUTO_INCREMENT,
  `id_rack` int(11) NOT NULL,
  `id_booking` int(11) NOT NULL,
  PRIMARY KEY (`id_rack_booking`),
  KEY `id_rack` (`id_rack`),
  KEY `id_booking` (`id_booking`),
  CONSTRAINT `t_rack_booking_ibfk_2` FOREIGN KEY (`id_booking`) REFERENCES `t_booking` (`id_booking`) ON DELETE CASCADE ON UPDATE CASCADE,
  CONSTRAINT `t_rack_booking_ibfk_3` FOREIGN KEY (`id_rack`) REFERENCES `p_rack` (`id_rack`) ON DELETE CASCADE ON UPDATE CASCADE
) ENGINE=InnoDB AUTO_INCREMENT=713 DEFAULT CHARSET=latin1;
/*!40101 SET character_set_client = @saved_cs_client */;

--
-- Dumping data for table `t_rack_booking`
--

LOCK TABLES `t_rack_booking` WRITE;
/*!40000 ALTER TABLE `t_rack_booking` DISABLE KEYS */;
INSERT INTO `t_rack_booking` VALUES (707,61,348),(708,62,348),(709,63,349),(710,64,349),(711,240,350),(712,241,350);
/*!40000 ALTER TABLE `t_rack_booking` ENABLE KEYS */;
UNLOCK TABLES;

--
-- Table structure for table `t_test`
--

DROP TABLE IF EXISTS `t_test`;
/*!40101 SET @saved_cs_client     = @@character_set_client */;
/*!40101 SET character_set_client = utf8 */;
CREATE TABLE `t_test` (
  `id_test` int(10) unsigned NOT NULL AUTO_INCREMENT,
  `id_rack` varchar(1000) DEFAULT NULL,
  `id_alacarte` varchar(1000) DEFAULT NULL,
  `log_time` timestamp NULL DEFAULT CURRENT_TIMESTAMP,
  PRIMARY KEY (`id_test`)
) ENGINE=InnoDB AUTO_INCREMENT=10 DEFAULT CHARSET=latin1;
/*!40101 SET character_set_client = @saved_cs_client */;

--
-- Dumping data for table `t_test`
--

LOCK TABLES `t_test` WRITE;
/*!40000 ALTER TABLE `t_test` DISABLE KEYS */;
/*!40000 ALTER TABLE `t_test` ENABLE KEYS */;
UNLOCK TABLES;

--
-- Table structure for table `t_visit`
--

DROP TABLE IF EXISTS `t_visit`;
/*!40101 SET @saved_cs_client     = @@character_set_client */;
/*!40101 SET character_set_client = utf8 */;
CREATE TABLE `t_visit` (
  `id_visit` int(11) NOT NULL AUTO_INCREMENT,
  `id_booking` int(11) NOT NULL,
  `id_dacen` int(11) NOT NULL,
  `client_name` varchar(50) NOT NULL,
  `pic` varchar(50) DEFAULT NULL,
  `time_visit` timestamp NULL DEFAULT NULL,
  `id_visitstatus` int(11) DEFAULT NULL,
  `visitor_list` text,
  `note_visit` text,
  PRIMARY KEY (`id_visit`),
  KEY `id_visitstatus` (`id_visitstatus`),
  KEY `id_dacen` (`id_dacen`),
  KEY `id_booking` (`id_booking`),
  CONSTRAINT `t_visit_ibfk_1` FOREIGN KEY (`id_booking`) REFERENCES `t_booking` (`id_booking`) ON DELETE CASCADE ON UPDATE CASCADE,
  CONSTRAINT `t_visit_ibfk_2` FOREIGN KEY (`id_dacen`) REFERENCES `p_dacen` (`id_dacen`) ON DELETE CASCADE ON UPDATE CASCADE,
  CONSTRAINT `t_visit_ibfk_3` FOREIGN KEY (`id_visitstatus`) REFERENCES `p_visitstatus` (`id_visitstatus`) ON DELETE CASCADE ON UPDATE CASCADE
) ENGINE=InnoDB AUTO_INCREMENT=104 DEFAULT CHARSET=latin1;
/*!40101 SET character_set_client = @saved_cs_client */;

--
-- Dumping data for table `t_visit`
--

LOCK TABLES `t_visit` WRITE;
/*!40000 ALTER TABLE `t_visit` DISABLE KEYS */;
/*!40000 ALTER TABLE `t_visit` ENABLE KEYS */;
UNLOCK TABLES;

--
-- Table structure for table `unused_p_servicereq`
--

DROP TABLE IF EXISTS `unused_p_servicereq`;
/*!40101 SET @saved_cs_client     = @@character_set_client */;
/*!40101 SET character_set_client = utf8 */;
CREATE TABLE `unused_p_servicereq` (
  `id_servicereq` int(11) NOT NULL AUTO_INCREMENT,
  `servicerequest` varchar(50) NOT NULL,
  `is_active` int(1) NOT NULL DEFAULT '1',
  PRIMARY KEY (`id_servicereq`)
) ENGINE=InnoDB AUTO_INCREMENT=7 DEFAULT CHARSET=latin1;
/*!40101 SET character_set_client = @saved_cs_client */;

--
-- Dumping data for table `unused_p_servicereq`
--

LOCK TABLES `unused_p_servicereq` WRITE;
/*!40000 ALTER TABLE `unused_p_servicereq` DISABLE KEYS */;
INSERT INTO `unused_p_servicereq` VALUES (1,'Consulting',1),(2,'Certification',1),(3,'Design',1),(4,'Build',1),(5,'Manage Operation',1),(6,'Others',1);
/*!40000 ALTER TABLE `unused_p_servicereq` ENABLE KEYS */;
UNLOCK TABLES;

--
-- Table structure for table `unused_t_booking_service`
--

DROP TABLE IF EXISTS `unused_t_booking_service`;
/*!40101 SET @saved_cs_client     = @@character_set_client */;
/*!40101 SET character_set_client = utf8 */;
CREATE TABLE `unused_t_booking_service` (
  `id_booking_service` int(11) NOT NULL AUTO_INCREMENT,
  `id_booking` int(11) NOT NULL,
  `id_servicereq` int(11) NOT NULL,
  PRIMARY KEY (`id_booking_service`),
  KEY `id_booking` (`id_booking`),
  KEY `id_servicereq` (`id_servicereq`),
  CONSTRAINT `unused_t_booking_service_ibfk_1` FOREIGN KEY (`id_booking`) REFERENCES `t_booking` (`id_booking`) ON DELETE CASCADE ON UPDATE CASCADE,
  CONSTRAINT `unused_t_booking_service_ibfk_2` FOREIGN KEY (`id_servicereq`) REFERENCES `unused_p_servicereq` (`id_servicereq`) ON DELETE CASCADE ON UPDATE CASCADE
) ENGINE=InnoDB DEFAULT CHARSET=latin1;
/*!40101 SET character_set_client = @saved_cs_client */;

--
-- Dumping data for table `unused_t_booking_service`
--

LOCK TABLES `unused_t_booking_service` WRITE;
/*!40000 ALTER TABLE `unused_t_booking_service` DISABLE KEYS */;
/*!40000 ALTER TABLE `unused_t_booking_service` ENABLE KEYS */;
UNLOCK TABLES;
/*!40103 SET TIME_ZONE=@OLD_TIME_ZONE */;

/*!40101 SET SQL_MODE=@OLD_SQL_MODE */;
/*!40014 SET FOREIGN_KEY_CHECKS=@OLD_FOREIGN_KEY_CHECKS */;
/*!40014 SET UNIQUE_CHECKS=@OLD_UNIQUE_CHECKS */;
/*!40101 SET CHARACTER_SET_CLIENT=@OLD_CHARACTER_SET_CLIENT */;
/*!40101 SET CHARACTER_SET_RESULTS=@OLD_CHARACTER_SET_RESULTS */;
/*!40101 SET COLLATION_CONNECTION=@OLD_COLLATION_CONNECTION */;
/*!40111 SET SQL_NOTES=@OLD_SQL_NOTES */;

-- Dump completed on 2018-09-12 10:04:06
